difficulty,seed,max_curvature,mean_curvature,median_curvature,p95_curvature
easy,0,0.03152792925567549,0.014506298704907222,0.014606677384622117,0.030334139118859106
easy,1,0.01498275589421664,0.005787701032493208,0.005118947442817904,0.014206955345429395
easy,2,0.020927739325007598,0.01256840170295327,0.013660002460301173,0.02057737400879511
easy,3,0.011413094723375252,0.0061495448564469445,0.006579994495625649,0.011260197316213888
easy,4,0.01880035852481633,0.010324867529505219,0.011100555873550116,0.018228019996728035
easy,5,0.02828171922541173,0.010665479342569926,0.0085941600953622,0.02641943550362816
easy,6,0.012680865734629659,0.004559333839603831,0.0025567165604079263,0.012270746654320725
easy,7,0.029315178968633247,0.015518306468357295,0.01685360902390924,0.028531411525734896
easy,8,0.008452460777338333,0.005180106131387027,0.005684203152742408,0.008393866882191766
easy,9,0.010060677538651948,0.003546514268179718,0.002372072313729718,0.00972034145581302
easy,10,0.010141844717128153,0.005299661802797463,0.005494233885598689,0.009711314749039303
easy,11,0.008424305538446687,0.00574815653858479,0.006387708656084441,0.008401285438812776
easy,12,0.0014461841492331576,0.0009143440463257012,0.0010086563761561862,0.001442163243496933
easy,13,0.007657848808814267,0.0038949038543199346,0.0036988130689954934,0.007615406507621298
easy,14,0.018927826612295796,0.008528122422513653,0.007424284581381705,0.018294339245503655
easy,15,0.01784685618655967,0.00572258664522064,0.0036410205068711735,0.01703275931705435
easy,16,0.02006847209320407,0.006024082922802371,0.0032312076667858486,0.019340475622949577
easy,17,0.013817572181268369,0.005842156182323371,0.004830928051515358,0.013546678216187932
easy,18,0.01092668782890155,0.005893617843798656,0.006386888568001401,0.010818062823322445
easy,19,0.013618908715619788,0.0074046884260519676,0.007474652041861233,0.013209366903294597
easy,20,0.0008717592880914195,0.0005779791816386988,0.0006336346652177777,0.0008684824147518708
easy,21,0.012610760322015618,0.006589351502550447,0.006902379380462893,0.012399518076213877
easy,22,0.014680287109027721,0.008200449000801654,0.008803155031901912,0.014379586860478934
easy,23,0.007558476985893273,0.0033948707616820667,0.0029142316676669514,0.007370829671337747
easy,24,0.007333421228340686,0.004923435794264129,0.005656403244359262,0.007314741405519552
easy,25,0.0014048152582327085,0.0008934160545787695,0.001003327290492927,0.0013991913780853483
easy,26,0.011486122398367233,0.007479260939878941,0.008434318945548556,0.011376494445779765
easy,27,0.006025221574622096,0.002209227471567379,0.0016183542206915295,0.005848435423708657
easy,28,0.014963754645437853,0.007646207166873852,0.007185118183890695,0.014843908613317544
easy,29,0.008234693757532309,0.004749876400379042,0.005122326462370321,0.008163690638500856
easy,30,0.002280229436330954,0.001463470103040053,0.0016682246071623957,0.002273536444580911
easy,31,0.008352069212337884,0.004924905227609646,0.004872973098130588,0.008254311855260368
easy,32,0.02314434318256963,0.012026861211826861,0.012209111987051926,0.022668734864599468
easy,33,0.018916226080264654,0.009555587408760469,0.009172696357510347,0.018582895444833138
easy,34,0.005129888646883067,0.003467627209021643,0.004040133186650658,0.00511447695920508
easy,35,0.013767206039924033,0.007891898685515526,0.008241144326232814,0.013705679604076168
easy,36,0.012249130592256564,0.007182135816506949,0.007620157934135425,0.012199623133946888
easy,37,0.015172061070713994,0.005891369045031883,0.004304553264050083,0.014414006737609179
easy,38,0.007993422341002034,0.005019652343540132,0.005555693404405369,0.007967050869101907
easy,39,0.02065543658693093,0.011053510811875122,0.011306090698118068,0.020232427464237708
easy,40,0.014713695248728006,0.006365499517412898,0.006094263369279068,0.014132830895176297
easy,41,0.016174711909733217,0.007531492745964669,0.005894229101657351,0.015468670106095638
easy,42,0.019528054383890724,0.010279373327593334,0.010909848853053386,0.019042024131676227
easy,43,0.009277458790067227,0.0050713846683791124,0.005438378992707842,0.00871898222219853
easy,44,0.010052483952674204,0.00485009167594535,0.004645768785272314,0.00990509479614555
easy,45,0.026022253391194277,0.013085208893980379,0.013006835378779738,0.025396989197361972
easy,46,0.01311097026278176,0.006613709594781035,0.004905225222837087,0.012700074310179355
easy,47,0.015609609128902836,0.005648107878938872,0.005446636984427074,0.014982713212430257
easy,48,0.007762793345530066,0.005024770684763426,0.005640939590869778,0.007746086740266384
easy,49,0.0059960987600777334,0.004282465594176689,0.005007140471115789,0.005985953705932429
easy,50,0.017169511030678375,0.008897383274249143,0.009265402709823067,0.016896057972394147
easy,51,0.01914900689420765,0.006121740300821907,0.0032424693759957766,0.017997669484112078
easy,52,0.013158350030594325,0.00650856506269581,0.006418448112313518,0.011587488307135792
easy,53,0.01180396809366132,0.006268543239483241,0.006262774029374664,0.011684725768431872
easy,54,0.0023739890811345556,0.0015533231003940164,0.001761430695959958,0.0023673718486511785
easy,55,0.026693510482461415,0.009009879159794891,0.00614133994795499,0.02544137909568935
easy,56,0.022118285718933258,0.008734910494068587,0.007790354319089886,0.02097125048576126
easy,57,0.020437313973020774,0.008078801264469403,0.007565561578849263,0.019300172277722193
easy,58,0.008885008177100098,0.005719724835422518,0.006407715464606195,0.008842064447244986
easy,59,0.022221742778479207,0.00652799918368563,0.0028707401592519915,0.02057686793287986
easy,60,0.0012189696619201355,0.0008356638282992466,0.0009324065936932285,0.0012158496410680974
easy,61,0.01188538175745809,0.007185611056452208,0.007661225836252637,0.011849316631945621
easy,62,0.020137768586764773,0.011229956937055923,0.012283001616030562,0.01969076596277978
easy,63,0.016677890269836442,0.004532713241557735,0.0017696816622968662,0.015766181074154593
easy,64,0.009586543293738857,0.003773883778362914,0.0031682386766934533,0.008938617883121794
easy,65,0.005405944161029854,0.0036940752914267315,0.004117502391731783,0.00539722816957774
easy,66,0.014977690201326829,0.007303657036854756,0.007464181613530272,0.014239921445522071
easy,67,0.01124374624329009,0.00622843221341994,0.006435785293042305,0.011140671733743732
easy,68,0.012598153890803291,0.00789064256649856,0.009031669828175205,0.012556640164093233
easy,69,0.016545313865193485,0.008986593524402163,0.009353545547264303,0.016095562903503682
easy,70,0.009239200773393684,0.0057812620867781425,0.0063486543177418316,0.009168040491852852
easy,71,0.01198395411056406,0.006887072316870213,0.007501013961004497,0.011819711337162296
easy,72,0.0184748163653031,0.006027494151271672,0.0038348803709047784,0.01740750382968751
easy,73,0.0038501939949687385,0.002157882179216229,0.002296904630453487,0.003832387288743686
easy,74,0.014804720409653763,0.006600243198114546,0.006077870272564909,0.014381993322637277
easy,75,0.01573278695961407,0.009386764209449394,0.010385398050292403,0.01549461556155038
easy,76,0.015453702500256768,0.007583324908060493,0.006092113310719011,0.015253516287611645
easy,77,0.015804863155427493,0.005594874038289301,0.0028459618922343465,0.015074752221741625
easy,78,0.004625747196652623,0.002651598390612212,0.0028928595204652102,0.004588940884560473
easy,79,0.019918951604640984,0.00726757059342523,0.006435107125537902,0.018617900032743155
easy,80,0.006300134699516517,0.0033294253601035147,0.003092579403740438,0.0062341478303227
easy,81,0.010221011245086283,0.006690376165750742,0.007544092041488763,0.01017656569455372
easy,82,0.012811162457936294,0.006561966424964737,0.005812150448105607,0.012382373346696927
easy,83,0.005390732946391195,0.0022184438987888654,0.002010507121263054,0.005337562936988746
easy,84,0.021655221958683944,0.010309619655767887,0.009450236222437973,0.02049500233811606
easy,85,0.021891518636971728,0.011981317108743946,0.012516213300709704,0.020904019177565607
easy,86,0.012879477388157734,0.006052203905645845,0.005533774744261872,0.012270142898954116
easy,87,0.01295002014541307,0.004047797244937863,0.0020569381725955584,0.012633164727665866
easy,88,0.012298736010445345,0.006857027899255577,0.007402810752633661,0.012140397301656647
easy,89,0.02381457202528994,0.012528393289610447,0.01176026998305324,0.023431337933688106
easy,90,0.011318656583040898,0.0062858594998390195,0.006818548247988757,0.010444665511055648
easy,91,0.03441135816067509,0.02004400638695382,0.02166427145956061,0.033943794112574796
easy,92,0.00419386104500213,0.002166449737224396,0.0020671968854330297,0.0041342273736504455
easy,93,0.008243450508617887,0.003312182836992104,0.0024667037360080594,0.008138507559696778
easy,94,0.013098935458632988,0.008262401726275858,0.009107315837743657,0.013052342648053276
easy,95,0.008926959940839333,0.003924380261447814,0.003860475498599466,0.008550253161842582
easy,96,0.008994513584927897,0.0040550318195271004,0.0038347058281534042,0.008830809476710019
easy,97,0.010867699458145393,0.004957718127839802,0.005083640288178615,0.010608118239831404
easy,98,0.010052898649455296,0.003877911272982499,0.002965018784720903,0.009507021185191866
easy,99,0.017828680799758363,0.007531145951597238,0.006756088830064759,0.01717900489675477
moderate,0,0.09434064701244345,0.03688377825429519,0.03073079027503578,0.08256647069778918
moderate,1,0.05517827699479806,0.022302988568754043,0.02137316465878699,0.05122588928120266
moderate,2,0.12819917387669755,0.03988870664866624,0.03401564203703835,0.10561863359400793
moderate,3,0.06799732335125777,0.02522063521292193,0.023212190617443715,0.06209193335078508
moderate,4,0.0633036409096882,0.025820752763347384,0.023881665543133323,0.06154478924603882
moderate,5,0.09023250048207115,0.02925193810687451,0.0226722092947131,0.08060135127014104
moderate,6,0.022071463975078073,0.00986212684781876,0.00903268245019934,0.020978925607169727
moderate,7,0.09946822802501591,0.03896677904476867,0.03923471167119595,0.08744384187043475
moderate,8,0.029798506663299418,0.014173530615737917,0.012038785184084837,0.028153250020061367
moderate,9,0.09771713745899238,0.03569605171537556,0.03260760077098615,0.08331871421166182
moderate,10,0.07806249656688308,0.016228093560890108,0.009367844939159266,0.06444797995828216
moderate,11,0.050737506668113344,0.025868475421772622,0.026471806794368634,0.04765636735782617
moderate,12,0.0540409277264155,0.022854206434866856,0.022601515484412284,0.04976853574383815
moderate,13,0.07569808573816685,0.03420581100488721,0.03398340369351081,0.06720981348075185
moderate,14,0.09265325966003396,0.032803105425875494,0.027605033556040597,0.08255046997402245
moderate,15,0.08791644614549242,0.03162610475919327,0.028784787630644057,0.07255338915790124
moderate,16,0.021651778945476808,0.008625519836837178,0.008044719662739801,0.02040561588424673
moderate,17,0.07581086361542523,0.03726409392916277,0.0393553348177912,0.07046937416647488
moderate,18,0.06969541892439311,0.030298917114523087,0.028171283621293966,0.06475502578221995
moderate,19,0.07229901907231713,0.028712937419438075,0.023558587449799488,0.06718265562236583
moderate,20,0.09094917037615227,0.023621557917009726,0.021132490379841135,0.07112193795002676
moderate,21,0.042527848656477005,0.022368732496431433,0.02405726745043408,0.03987165364173244
moderate,22,0.10434066123765115,0.03540488647167524,0.030428087973625145,0.08568600493795708
moderate,23,0.06860539336494724,0.0302351566042799,0.030394036910322667,0.0628566137704473
moderate,24,0.0802387704372712,0.027148378007155537,0.023256889908394206,0.07013318416989345
moderate,25,0.024922062183067233,0.013566846003106406,0.013745997280528005,0.02447504109759064
moderate,26,0.05843226062534362,0.01759195376500361,0.015596453162716073,0.051778012729073564
moderate,27,0.108500463544471,0.0390946814409983,0.03151121102708122,0.10395867459472616
moderate,28,0.08780963255110341,0.028127315128453532,0.020140734388314124,0.07930893799843576
moderate,29,0.07297417084887614,0.0321545793383514,0.032291549453794144,0.06768908477952545
moderate,30,0.09574502566630913,0.032946444029227355,0.027995107078634836,0.08288770236555944
moderate,31,0.07445665015121357,0.033975619136857454,0.03033820866315806,0.07204191363456232
moderate,32,0.05005855658249588,0.020238811256430237,0.01791430584194714,0.04872801563199075
moderate,33,0.08604732170944514,0.03483649690748211,0.030654873184141958,0.0745937458180034
moderate,34,0.05530200697289811,0.019114614045555978,0.017659725993018353,0.04960455339226954
moderate,35,0.05459220146736442,0.02592220658828995,0.025393719095480327,0.050536519197806114
moderate,36,0.08635746592452997,0.034949180019606604,0.030925350252693218,0.07617394339786085
moderate,37,0.041690123174532495,0.01622436389922652,0.014346261938673294,0.037159561384665925
moderate,38,0.04416094443355715,0.021000634136927338,0.020238489233329333,0.04045891750134131
moderate,39,0.10387643301317681,0.03389114829489671,0.027324556469731344,0.08849844405340505
moderate,40,0.08981555936144253,0.031362890482546,0.030604747860914914,0.0715924101903447
moderate,41,0.08643501725671768,0.031000432095790717,0.0275733846342062,0.07837029908635107
moderate,42,0.10072064665146611,0.04055493333113836,0.03583336674022508,0.08591727192922524
moderate,43,0.055719478451095324,0.020026620146197997,0.02059623337230994,0.04540733511144773
moderate,44,0.0629751320925915,0.022590174184575474,0.019873529059980438,0.058941673072936386
moderate,45,0.14965173391339687,0.05428160014922412,0.040699590931310446,0.14131465512578137
moderate,46,0.05934605181433106,0.02595785095292896,0.022111720295347984,0.05659082605207234
moderate,47,0.07150902862599107,0.035035545989523416,0.03827536199517924,0.06650808840140546
moderate,48,0.0798750640866773,0.03697059680814292,0.03482927417609779,0.07286726278102892
moderate,49,0.04393526757815049,0.02265863891865686,0.023907081485483525,0.04142476181022174
moderate,50,0.1659163438962279,0.041841970466900545,0.024764426319062463,0.12172495181518878
moderate,51,0.039541301161022065,0.015967913787041915,0.015190210694620215,0.03736728944057953
moderate,52,0.09637494730471523,0.02817941616772369,0.021831582483440016,0.0688906029684431
moderate,53,0.11333393524306153,0.03777196884277775,0.028520498794448026,0.10469268461993622
moderate,54,0.02524431758057978,0.011499718994852774,0.009217593401417395,0.024108249344133574
moderate,55,0.09146420169680279,0.03203535644120839,0.02673922912168325,0.08245367923563636
moderate,56,0.05487919819550385,0.023882718693288695,0.0224405746267344,0.04992613503473782
moderate,57,0.05463950688153419,0.02350171653364678,0.02143413109662254,0.05098264271730666
moderate,58,0.09631923813127499,0.028314694379490475,0.021962288088156028,0.0815454768239926
moderate,59,0.07424009321715376,0.021825263800642033,0.0181965090204757,0.06650760410727562
moderate,60,0.057754909577373566,0.026480007801847866,0.028464015688556103,0.05271328458012077
moderate,61,0.05859671998941631,0.01785607181054598,0.016331747391944436,0.037059882868903514
moderate,62,0.13247015445459157,0.04652190894292678,0.039164077297296776,0.10754106220968788
moderate,63,0.07292135024921487,0.019623841400879763,0.013671018195842748,0.06284992450822581
moderate,64,0.042453093056392624,0.02269992855460493,0.021871656764134086,0.04163094346946041
moderate,65,0.06303583634120855,0.03130234640994975,0.031052272004564375,0.05879230476574924
moderate,66,0.08811845031200168,0.03796038121386815,0.034550953939667894,0.08111843121317926
moderate,67,0.06269869818853334,0.022733546449449842,0.02060609852586178,0.05847387879258161
moderate,68,0.041335749219019384,0.018078298838247683,0.016614006984729004,0.03828427771119418
moderate,69,0.084037522840323,0.03807597001291144,0.038562908578649864,0.07405426069208815
moderate,70,0.08189644415150056,0.020985116087274634,0.01375056674840105,0.0729905320081581
moderate,71,0.06153004556849493,0.01984316398795274,0.011373604107151769,0.05817019057006473
moderate,72,0.0735039959172497,0.02533554838298104,0.023739813564302534,0.06566091235071271
moderate,73,0.07181161024601812,0.025190833541119232,0.023053613580451066,0.0618296683812315
moderate,74,0.07177791347821995,0.03166378500358899,0.028170437431115275,0.06994388920416754
moderate,75,0.10463100963699214,0.03952887184269066,0.034073439861478524,0.09104295115868033
moderate,76,0.09023463477079915,0.029953735767353478,0.027511021515699133,0.07049876539928074
moderate,77,0.053399644004984086,0.02130876386975956,0.016156667922068404,0.0488504503669173
moderate,78,0.0700808502405134,0.034030693314953085,0.03233062887970821,0.06563953345280056
moderate,79,0.08239650310629353,0.02427562336263488,0.021004503785766886,0.06792563988288648
moderate,80,0.12311765932710837,0.029215840258091652,0.019299780886408616,0.10342471395402404
moderate,81,0.03968561372111835,0.018681302018356803,0.01554360740322571,0.03704811917909257
moderate,82,0.11525267031361668,0.04223865179365528,0.03832092482223989,0.09816869516958683
moderate,83,0.0774040336979551,0.03063552695552862,0.02965924467445046,0.06973966144278687
moderate,84,0.10863260963502068,0.03507869531004892,0.03189805563467425,0.09221030170124621
moderate,85,0.08788978235070076,0.0338930766840204,0.02852356298078834,0.07971312983936077
moderate,86,0.12473938426798079,0.031020300550595497,0.02497284483710225,0.10160979718470409
moderate,87,0.10027243725518889,0.03324765367241246,0.026496291914909105,0.08749552330728468
moderate,88,0.0713228766472096,0.02849882901778873,0.022139937498024696,0.06508220962540819
moderate,89,0.1555725490296175,0.04973353537448891,0.0287909903241476,0.14671110731806955
moderate,90,0.02644044790138979,0.010966613855591029,0.01058466717704442,0.024869590274305325
moderate,91,0.11439037207313268,0.04659950914217598,0.03892012203419722,0.10803622679735976
moderate,92,0.06928098307985849,0.0294264194015208,0.02573849859519404,0.06326574709781234
moderate,93,0.11724611194389307,0.051661270888606156,0.04698304339083617,0.10654568637040725
moderate,94,0.09692955123893607,0.024572213216453257,0.019849721869862016,0.08158367765506445
moderate,95,0.10275172474210817,0.023651482271987937,0.01650611706986238,0.0884531648818869
moderate,96,0.14037918526481555,0.05121636468094006,0.045720693452761266,0.11279765494426638
moderate,97,0.07452093694394063,0.0280894012995256,0.02566070657493324,0.06386004239495999
moderate,98,0.04157717759683351,0.022468023660918462,0.02353782934253772,0.04024128086036585
moderate,99,0.07838069348294413,0.020966390183253202,0.0171997821451966,0.06855653952451188
severe,0,0.176965086782296,0.0624889082212351,0.04469091110962156,0.15102574983634257
severe,1,0.15562155302014172,0.046241400975873814,0.03622361505046603,0.12617647251655942
severe,2,0.2599298923668537,0.06282222438845059,0.036281191996605164,0.18784570443425735
severe,3,0.1671545648311484,0.05051581033721858,0.039116793543030076,0.14435715378234928
severe,4,0.3265216374652003,0.07295228893177579,0.028257178780797226,0.2747104612747996
severe,5,0.36866400821504947,0.06569486352460562,0.027527880974421836,0.2568643561298739
severe,6,0.17066394909215551,0.044749685839442575,0.034277027277195324,0.12264929617621183
severe,7,0.22846338965110044,0.07128404138071555,0.05409781336107736,0.17817607883058822
severe,8,0.18876953993849085,0.054117922529041636,0.03936519359909934,0.16382571240798735
severe,9,0.2816320978407881,0.07082781068470735,0.04413707449065456,0.21271410275559546
severe,10,0.27064528542140065,0.06391688338248497,0.03626216483744222,0.21289740503473203
severe,11,0.2831000014566016,0.05954691264524073,0.04185018512190848,0.16992452781835907
severe,12,0.2009228593175665,0.05802418430165325,0.04918710744667258,0.1366808200104398
severe,13,0.4087041557095477,0.07197426766357333,0.04812507717492107,0.21809878276926747
severe,14,0.3506017298499289,0.0610463067767903,0.033855034642795476,0.17955922789266768
severe,15,0.32723742496667213,0.06639546796664392,0.04758902749209765,0.20501235129582615
severe,16,0.14719629879111507,0.046728293636592005,0.037997225067460755,0.11742155506743662
severe,17,0.5577438914791621,0.07505815195296985,0.023190310352171506,0.31720267123179813
severe,18,0.28705914541016,0.06425893889098412,0.04572980937259681,0.1941956129970532
severe,19,0.31513205089108715,0.05999317047238732,0.03402082730466615,0.23690639760246288
severe,20,0.22922257150194444,0.05806692879487493,0.03538102657058063,0.18347589812626214
severe,21,0.21294949867895138,0.06800386203289582,0.052616807582017505,0.16749169417751045
severe,22,0.20998083025084824,0.06021274972198142,0.035408559282316676,0.16946848168200862
severe,23,0.38697030942534677,0.07310573123497607,0.04939212735747217,0.2215339309435218
severe,24,0.23585410926800643,0.05860185507273588,0.03389491777789695,0.20152469421402053
severe,25,0.23658213387849014,0.05232548247948029,0.03788931581987939,0.13614002352395982
severe,26,0.10312649346176962,0.03791501897448761,0.029124931829886944,0.09259453994247105
severe,27,0.3910375236817866,0.08582564697193634,0.06924771043926531,0.19929177725677943
severe,28,0.34913065274920974,0.056463935512141274,0.035003165059517304,0.15332568597931628
severe,29,0.2745560262859946,0.0697287525283578,0.03850674916764821,0.23786478543957382
severe,30,0.38476456790592034,0.06414608262716598,0.038399432508081394,0.19023924537641257
severe,31,0.4246575595150249,0.06532344277014152,0.045382731672022114,0.17641447873519064
severe,32,0.3173442621478392,0.06655824932878505,0.03520854435819196,0.22005268232569175
severe,33,0.3984073757098774,0.062471061618010665,0.032266966405144426,0.2693658498309656
severe,34,0.3021141614353822,0.06606379222248109,0.03880382364757361,0.21374163447239017
severe,35,0.3476661206679461,0.0743931577571609,0.039322946665574024,0.2636499788425661
severe,36,0.25177724518717404,0.06779718187844877,0.051396929905272545,0.19379510826793486
severe,37,0.40995662886097173,0.04864029929258048,0.027567571145060255,0.1869470051081193
severe,38,0.36037296878238134,0.06652890671144539,0.04476578818201159,0.2206310895231307
severe,39,0.292165147811031,0.06117317725486267,0.026560255340802287,0.23188373808356802
severe,40,0.23992919017079342,0.06498233888979453,0.0529514948775731,0.1626866508644705
severe,41,0.3104562209673264,0.0624618526783961,0.021748101128426574,0.25050348010907514
severe,42,0.2509982024563282,0.07091710774836868,0.04734400518034765,0.18930673583961205
severe,43,0.23894093880921025,0.061291544176767146,0.04368227590231089,0.17829340283428338
severe,44,0.22914638232302365,0.048934246975700715,0.023017724202906223,0.14339008619575386
severe,45,0.40158118548904775,0.0907964027380773,0.03204273701844364,0.3522388911633146
severe,46,0.25323197891848226,0.06191336632940298,0.03420846644505016,0.18583661033572701
severe,47,0.2881844811606401,0.06973815701685476,0.030320794329314595,0.2423329742141443
severe,48,0.19891452289734707,0.0615537015674755,0.0565332122897788,0.16571490940202688
severe,49,0.16809742828028,0.03771582756572701,0.031173198807924917,0.11125752786250404
severe,50,0.33459116288204543,0.07088157006551063,0.028509109762950735,0.2482266572088115
severe,51,0.4389728389833661,0.06914365051700253,0.04705431142735535,0.21895934904135306
severe,52,0.238562958264847,0.07806160565921015,0.058953173910116397,0.21081821118252328
severe,53,0.288470909070235,0.061525337877540345,0.04886516743209608,0.15763924963149903
severe,54,0.21135356069002728,0.04308575628445054,0.028501975516709986,0.1255420480933497
severe,55,0.26517888186112315,0.06006199348880494,0.03422233762943552,0.2135672624867842
severe,56,0.3157588270183304,0.06212085447652328,0.04810728396587468,0.15540289321624617
severe,57,0.3794429498102092,0.04372148460079821,0.02373617083914393,0.130064842392864
severe,58,0.32362771079925573,0.05190955396295262,0.02680030479494358,0.16529685401346594
severe,59,0.49421495028159784,0.07328191786559894,0.0489065733813808,0.2105228131233092
severe,60,0.36421573151342435,0.061505881065799815,0.04939471173743657,0.14038219286795853
severe,61,0.299484191552924,0.057350703467986874,0.03385505504823215,0.19158956845722083
severe,62,0.2772851574104782,0.07285147272741907,0.04236486335738997,0.22632261408146434
severe,63,0.168200807659936,0.05227878376075509,0.03810631388658182,0.1480180309167053
severe,64,0.20654447768375986,0.05434223855776168,0.026729351695760045,0.16977642870612525
severe,65,0.2748223734872934,0.06031728809790017,0.041838244903085894,0.17243016934774535
severe,66,0.27511086962026365,0.06502665778142173,0.038021901790827956,0.20660736141416483
severe,67,0.39086349881227517,0.06618800802263188,0.045806973761278846,0.2329190171480109
severe,68,0.32864295429419493,0.06217009550757064,0.02895532146860051,0.22237316117134304
severe,69,0.27671605642466407,0.08139393629800387,0.05753745408080378,0.2233968466789021
severe,70,0.23966315720444736,0.051787237458952556,0.031878126039122046,0.17340743717345147
severe,71,0.19057653524752788,0.05399861465660166,0.039180514595145155,0.1537826575257682
severe,72,0.35675881850004704,0.08129087911382922,0.054836809021275676,0.23288202031964025
severe,73,0.19696088868626424,0.053127639156866725,0.035271170861144056,0.15549564133525873
severe,74,0.3973804865913591,0.07051020227567235,0.039210976693490676,0.23703915601115047
severe,75,0.408272165438209,0.07469436998447108,0.03374345450480229,0.313875342297041
severe,76,0.22431266309531633,0.06202696793131994,0.046906704205017066,0.16592216411586347
severe,77,0.1285027220940654,0.03863474984299826,0.03675164609307155,0.09451655602279506
severe,78,0.34866075913045375,0.06385981841192237,0.03362135059267006,0.23579094262059427
severe,79,0.3425163785078936,0.07484190103287189,0.044039763677480276,0.2860622533975882
severe,80,0.4180776111399869,0.05900399106337864,0.021577083925574947,0.2639834590509168
severe,81,0.1303000145664806,0.05797416592777221,0.05862770562792374,0.11687067842143899
severe,82,0.33739516081250626,0.08137452912197306,0.0600525430251025,0.22634781632585127
severe,83,0.29067649227549225,0.06468463064142914,0.035896216941387796,0.1960145646648657
severe,84,0.27715476345845597,0.06509099052877554,0.0439087671659843,0.2020563416730461
severe,85,0.42733249385466743,0.07695356948306317,0.026969378633471736,0.3372847062290957
severe,86,0.2853711071046987,0.0535470604051151,0.03059050270892681,0.14567016813106654
severe,87,0.35538681392005933,0.05668335398939041,0.04012271318822691,0.1307734672510416
severe,88,0.25766275233818325,0.06215021175183644,0.028803888120219848,0.21961518272994554
severe,89,0.522075455033668,0.07587771552611326,0.024381562333459172,0.3172233070906388
severe,90,0.2070608239260448,0.047981454426543696,0.03052788799711243,0.13502619483810038
severe,91,0.5322329693269683,0.07457646798757196,0.02338636390153875,0.3115293957656333
severe,92,0.24161458228010732,0.06401068258749613,0.03374964949514857,0.20786166604194542
severe,93,0.5001313987217822,0.07804686015439236,0.03366187781625028,0.26207350205317376
severe,94,0.16088012930391374,0.053374361620186474,0.041848362992381434,0.1293526341535112
severe,95,0.2710575839958653,0.06145821148882758,0.04241872619820989,0.21790585041265764
severe,96,0.3551163688423102,0.07229602365093797,0.06609421845953853,0.19361262292483014
severe,97,0.18062593661940318,0.056462107114014684,0.053974261019344355,0.12539892918850454
severe,98,0.27950706297031486,0.06033164042929302,0.0409948474939581,0.1802338164369478
severe,99,0.21613981468431556,0.06555713168903335,0.0531672562575517,0.1732160211065964
