position,x,y,curvature,stiffness,friction,resistance,velocity,push_force
0.0,0.0,0.0,0.0004350276026843783,0.25,0.2,0.31576270702013287,3.0400618429587354,0.1315762707020133
0.32181861784442767,0.20040080160320642,0.2518069528589115,0.0008703238548921287,0.25,0.2,0.319027428911691,3.032537392569871,0.1319027428911691
0.6435240245928022,0.40080160320641284,0.5034692016129299,0.0017426417331909176,0.25,0.2,0.3255698129989319,3.017570225856692,0.1325569812998932
0.9650031840671001,0.6012024048096193,0.7548421689206603,0.0026189526369758483,0.25,0.2,0.33214214477731885,3.002682570836794,0.13321421447773188
1.2861434098969853,0.8016032064128257,1.0057815308447355,0.0035012654961931442,0.25,0.2,0.3387594912214486,2.987840628752896,0.13387594912214487
1.6068325403525103,1.0020040080160322,1.2561433432465334,0.004391604057782346,0.25,0.2,0.3454370304333676,2.973011675404529,0.13454370304333677
1.9269591130908106,1.2024048096192386,1.5057841678124735,0.005292011681839675,0.25,0.2,0.35219008761379755,2.95816397164897,0.13521900876137977
2.246412539787042,1.402805611222445,1.7545611975896553,0.006204556008494831,0.25,0.2,0.35903417006371124,2.943266687556856,0.13590341700637112
2.5650832806188,1.6032064128256514,2.0023323819090875,0.007131333454495899,0.25,0.2,0.36598500090871927,2.928289840180534,0.13659850009087193
2.8828630185718835,1.8036072144288577,2.248956550575345,0.008074473492479438,0.25,0.2,0.37305855119359577,2.913204245021315,0.13730585511935958
3.1996448335334975,2.0040080160320644,2.4942935372022426,0.00903614265859274,0.25,0.2,0.38027106993944554,2.897981481402407,0.13802710699394458
3.5153233761366898,2.2044088176352705,2.7382043015749282,0.010018548225286411,0.25,0.2,0.3876391116896481,2.882593872069108,0.1387639111689648
3.8297950413169217,2.404809619238477,2.9805510509197877,0.011023941465677508,0.25,0.2,0.3951795609925813,2.867014477444219,0.13951795609925813
4.142958141538035,2.6052104208416833,3.2211973599645995,0.012054620423837906,0.25,0.2,0.4029096531787843,2.851217105062037,0.14029096531787844
4.454713079640408,2.80561122244489,3.4600082896726154,0.013112932091463147,0.25,0.2,0.4108469906859736,2.8351763347881858,0.14108469906859736
4.764962521258541,3.006012024048096,3.6968505045354974,0.014201273875573087,0.25,0.2,0.41900955406679813,2.8188675605010793,0.14190095540667982
5.0736115667486015,3.2064128256513027,3.9315923883115236,0.015322094224160013,0.25,0.2,0.4274157066812001,2.802267048959524,0.14274157066812002
5.3805679225582885,3.4068136272545093,4.1641041580969596,0.016477892256804138,0.25,0.2,0.43608419192603104,2.785352016607972,0.14360841919260312
5.685742071961579,3.6072144288577155,4.394257976620169,0.01767121622531979,0.25,0.2,0.4450341216898984,2.768100725069517,0.14450341216898985
5.989047445069183,3.807615230460922,4.62192806264979,0.01890466060545697,0.25,0.2,0.45428495454092727,2.750492596041933,0.14542849545409273
6.2904005880115825,4.008016032064129,4.846990799410132,0.02018086159459686,0.25,0.2,0.46385646195947644,2.732508346238889,0.14638564619594766
6.589721331175119,4.208416833667335,5.069324840898979,0.021502490762563994,0.25,0.2,0.47376868071922995,2.7141301428986235,0.14737686807192302
6.886932956352167,4.408817635270541,5.2888112160049845,0.02287224657328858,0.25,0.2,0.4840418492996644,2.695341780211686,0.14840418492996643
7.1819623626438895,4.609218436873747,5.505333430324066,0.024292843464859413,0.25,0.2,0.4946963259864456,2.676128876787159,0.14946963259864457
7.4747402309277735,4.809619238476954,5.718777565576472,0.02576699814493703,0.25,0.2,0.5057524860870277,2.6564790939809297,0.15057524860870278
7.765201186671722,5.01002004008016,5.929032376528518,0.027297412728688287,0.25,0.2,0.5172305954651621,2.6363823745418573,0.15172305954651621
8.053283960841611,5.210420841683367,6.1359893853255425,0.02888675431882677,0.25,0.2,0.5291506573912008,2.6158312005856756,0.1529150657391201
8.338931548609146,5.410821643286574,6.339542973145074,0.03053763060340025,0.25,0.2,0.541532229525502,2.594820869383469,0.15415322295255018
8.622091365521472,5.61122244488978,6.539590469081949,0.03225256102917303,0.25,0.2,0.5543942077187978,2.5733497848466196,0.15543942077187978
8.902715400742501,5.811623246492986,6.736032236179797,0.034033943099151996,0.25,0.2,0.56775457324364,2.551419761910892,0.15677545732436401
9.180760366918083,6.012024048096192,6.928771754526121,0.035884013345730645,0.25,0.2,0.5816301000929799,2.529036340269985,0.158163010009298
9.456187846152583,6.212424849699399,7.117715701331153,0.03780480254971089,0.25,0.2,0.5960360191228317,2.5062091030992946,0.15960360191228318
9.728964431512635,6.412825651302605,7.302774027913564,0.03979808481439638,0.25,0.2,0.6109856361079729,2.4829519955644774,0.1610985636107973
9.99906186339496,6.613226452905812,7.483860033519242,0.04186532016921909,0.25,0.2,0.6264899012691432,2.459283637038765,0.16264899012691433
10.266457160008711,6.813627254509019,7.660890435902413,0.04400759047356328,0.25,0.2,0.6425569285517246,2.4352276201025678,0.1642556928551725
10.531132741129372,7.014028056112225,7.8337854386016,0.0462255285252446,0.25,0.2,0.6591914639393346,2.4108127885994555,0.16591914639393346
10.793076544181,7.214428857715431,8.0024687948462,0.04851924045635748,0.25,0.2,0.6763943034226811,2.3860734863112043,0.16763943034226814
11.05228213159724,7.414829659318637,8.166867868032732,0.05088822172674431,0.25,0.2,0.6941616629505825,2.361049767253928,0.16941616629505826
11.308748788300417,7.615230460921844,8.32691368871324,0.05333126730856778,0.25,0.2,0.7124845048142583,2.3357875582260252,0.17124845048142584
11.562481608023429,7.81563126252505,8.482541008041766,0.05584637699790292,0.25,0.2,0.731347827484272,2.31033876411315,0.1731347827484272
11.813491567083402,8.016032064128257,8.63368834762828,0.058430657191734056,0.25,0.2,0.7507299289380055,2.284761306631917,0.17507299289380054
12.061795584101722,8.216432865731463,8.780298045753018,0.06108022093021936,0.25,0.2,0.7706016569766452,2.259119087706107,0.17706016569766453
12.30741656405567,8.41683366733467,8.92231629989779,0.06379008851769166,0.25,0.2,0.7909256638826875,2.233481869553473,0.17909256638826876
12.550383424946192,8.617234468937877,9.059693205554407,0.06655409158845686,0.25,0.2,0.8116556869134266,2.2079250648421627,0.18116556869134268
12.790731105279628,8.817635270541082,9.192382791274072,0.06936478405600745,0.25,0.2,0.832735880420056,2.182529431945871,0.1832735880420056
13.028500550493481,9.01803607214429,9.320343049925327,0.07221336394904507,0.25,0.2,0.8541002296178382,2.1573806723622857,0.18541002296178383
13.263738676414128,9.218436873747494,9.443535966131783,0.0750896106573431,0.25,0.2,0.8756720799300732,2.1325689297188473,0.18756720799300733
13.496498307824265,9.418837675350701,9.561927539864776,0.07798184253986776,0.25,0.2,0.8973638190490081,2.1081881923967907,0.18973638190490083
13.726838090246797,9.619238476953909,9.675487806169727,0.08087690013301495,0.25,0.2,0.9190767509976121,2.0843356045664363,0.19190767509976123
13.954822373127264,9.819639278557114,9.78419085100893,0.08376016027989071,0.25,0.2,0.9407012020991803,2.061110693224365,0.19407012020991804
14.180521062725244,10.02004008016032,9.888014823207248,0.08661558632109638,0.25,0.2,0.9621168974082228,2.0386145215321445,0.1962116897408223
14.40400944321291,10.220440881763528,9.986941942491052,0.08942581898505694,0.25,0.2,0.9831936423879271,2.0169487812514735,0.1983193642387927
14.62536796473106,10.420841683366733,10.080958503614578,0.0921723117462957,0.25,0.2,1.0037923380972178,1.9962148392075212,0.20037923380972178
14.844681997472568,10.62124248496994,10.170054876571815,0.09483551315270597,0.25,0.2,1.0237663486452948,1.9765127543886634,0.2023766348645295
15.062041551251488,10.821643286573147,10.254225502895746,0.0973950969540372,0.25,0.2,1.0429632271552791,1.9579402834234045,0.2042963227155279
15.277540960471189,11.022044088176353,10.333468888050803,0.09983023882636358,0.25,0.2,1.061226791197727,1.9405918926930408,0.2061226791197727
15.49127853492156,11.22244488977956,10.40778758992806,0.10211993615075403,0.25,0.2,1.0783995211306552,1.9245577952327417,0.20783995211306552
15.70335617740506,11.422845691382767,10.477188203456695,0.10424336478221252,0.25,0.2,1.094325235866594,1.9099230298606757,0.20943252358665942
15.913878969801512,11.623246492985972,10.54168134134897,0.10618026419010693,0.25,0.2,1.108851981425802,1.8967665987138587,0.21088519814258022
16.122954729816065,11.823647294589179,10.601281610999827,0.10791133994879695,0.25,0.2,1.1218350496159772,1.8851606776520846,0.2121835049615977
16.330693541294153,12.024048096192384,10.656007587565998,0.10941867051158928,0.25,0.2,1.1331400288369198,1.8751699119260228,0.21331400288369196
16.537207261609925,12.224448897795591,10.70588178325328,0.1106861037142613,0.25,0.2,1.1426457778569596,1.866850807229899,0.21426457778569596
16.74260901021672,12.424849699398798,10.750930612844307,0.11169962770811286,0.25,0.2,1.1502472078108466,1.8602512238917754,0.21502472078108467
16.947012642966335,12.625250501002004,10.791184355502985,0.11244770115229283,0.25,0.2,1.1558577586421963,1.8554099796079693,0.21558577586421965
17.150532217235046,12.82565130260521,10.826677112895284,0.11292152856634714,0.25,0.2,1.1594114642476037,1.8523565639185429,0.21594114642476037
17.35328145321879,13.026052104208418,10.857446763669781,0.11311526874635085,0.25,0.2,1.1608645155976314,1.851110965600598,0.21608645155976314
17.55537319696122,13.226452905811623,10.88353491434491,0.11302616698279844,0.25,0.2,1.1601962523709883,1.8516836123614604,0.21601962523709883
17.756918890745478,13.42685370741483,10.90498684665345,0.1126546053015593,0.25,0.2,1.1574095397616948,1.854075420674109,0.2157409539761695
17.958028056408548,13.627254509018037,10.921851461398177,0.11200406883674158,0.25,0.2,1.152530516275562,1.8582779522777875,0.2152530516275562
18.15880779692704,13.827655310621243,10.934181218876162,0.11108103044844846,0.25,0.2,1.1456077283633634,1.864273672732871,0.21456077283633634
18.3593623212832,14.02805611222445,10.942032075932467,0.10989475951859938,0.25,0.2,1.1367106963894953,1.8720363064400791,0.21367106963894955
18.55979249716325,14.228456913827655,10.945463419707348,0.10845706422087081,0.25,0.2,1.1259279816565313,1.8815312816397407,0.21259279816565313
18.760195435485713,14.428857715430862,10.94453799814437,0.10678197923623597,0.25,0.2,1.1133648442717698,1.8927162580762686,0.21133648442717698
18.960664110127233,14.629258517034069,10.939321847329879,0.1048854127196743,0.25,0.2,1.0991405953975573,1.905541729205822,0.20991405953975573
19.16128701553257,14.829659318637274,10.929884215737642,0.1027847672431188,0.25,0.2,1.0833857543233911,1.9199516900311417,0.20833857543233913
19.362147864188987,15.030060120240481,10.916297485455178,0.100498549452269,0.25,0.2,1.0662391208920177,1.9358843608929237,0.20662391208920178
19.563325325238143,15.230460921843688,10.898637090471588,0.09804598236979027,0.25,0.2,1.0478448677734271,1.9532729568275868,0.2047844867773427
19.76489280481337,15.430861723446894,10.876981432109332,0.09544663279346988,0.25,0.2,1.028349745951024,1.9720464914814464,0.2028349745951024
19.966918268046644,15.6312625250501,10.851411791685376,0.09272006425656826,0.25,0.2,1.007900481924262,1.9921306040858253,0.2007900481924262
20.169464102103316,15.831663326653308,10.82201224048973,0.08988552373259212,0.25,0.2,0.9866414279944409,2.013448397700077,0.1986641427994441
20.372587019086,16.032064128256515,10.788869547172096,0.08696166786820039,0.25,0.2,0.964712509011503,2.035921276855158,0.1964712509011503
20.576337997208842,16.23246492985972,10.752073082629877,0.08396633218254895,0.25,0.2,0.9422474913691172,2.059469772917737,0.19422474913691173
20.78076225828401,16.432865731462925,10.711714722493202,0.08091634451369564,0.25,0.2,0.9193725838527174,2.0840143459644933,0.19193725838527176
20.985899279283146,16.633266533066134,10.667888747305062,0.07782738212155958,0.25,0.2,0.8962053659116969,2.1094761526934067,0.1896205365911697
21.19178283553489,16.83366733466934,10.620691740496808,0.07471387032767314,0.25,0.2,0.8728540274575485,2.135777770908345,0.18728540274575486
21.398441072990245,17.034068136272545,10.570222484261489,0.07158891940981917,0.25,0.2,0.8494168955736439,2.1628438723435033,0.1849416895573644
21.605896606922844,17.234468937875754,10.516581853429521,0.06846429566767773,0.25,0.2,0.825982217507583,2.1906018369992086,0.18259822175075832
21.81416664442361,17.43486973947896,10.4598727074532,0.06535042210299524,0.25,0.2,0.8026281657724643,2.21898230369984,0.18026281657724644
22.02326312808952,17.635270541082164,10.400199780608261,0.06225640397277625,0.25,0.2,0.779423029795822,2.2479196531804897,0.17794230297958222
22.23319289838559,17.835671342685373,10.337669570522642,0.0591900745249452,0.25,0.2,0.7564255589370891,2.277352421596861,0.17564255589370892
22.443957872269454,18.03607214428858,10.272390225144038,0.05615805645668661,0.25,0.2,0.7336854234251496,2.307223643893489,0.17336854234251498
22.65555523580089,18.236472945891784,10.204471428259474,0.05316583499695335,0.25,0.2,0.7112437624771502,2.3374811278842635,0.17112437624771504
22.867977648607074,18.43687374749499,10.134024283681477,0.05021783895816828,0.25,0.2,0.6891337921862621,2.368077661167835,0.16891337921862623
23.081213458232597,18.637274549098198,10.061161198216727,0.04731752658854882,0.25,0.2,0.6673814494141161,2.398971154084459,0.16673814494141162
23.29524692256519,18.837675350701403,9.985995763534255,0.04446747355475427,0.25,0.2,0.6460060516606572,2.430124722788471,0.16460060516606573
23.510058438690127,19.03807615230461,9.908642637051313,0.04166946086875493,0.25,0.2,0.6250209565156619,2.461506717166726,0.1625020956515662
23.725624776684143,19.238476953907817,9.829217421955974,0.03892456102524598,0.25,0.2,0.6044342076893449,2.4930906987832633,0.16044342076893447
23.94191931701148,19.438877755511022,9.747836546486322,0.036233221028088826,0.25,0.2,0.5842491577106662,2.524855374252013,0.15842491577106663
24.158912290327624,19.639278557114228,9.664617142586902,0.03359534134704756,0.25,0.2,0.5644650601028567,2.5567844894772005,0.15644650601028567
24.37657101862955,19.839679358717436,9.579676924063497,0.03101035015724554,0.25,0.2,0.5450776261793415,2.588866690077686,0.15450776261793417
24.59486015681377,20.04008016032064,9.493134064358019,0.028477272476550953,0.25,0.2,0.5260795435741322,2.621095353019318,0.15260795435741323
24.813741933814946,20.240480961923847,9.40510707406535,0.02599479403014869,0.25,0.2,0.5074609552261152,2.653468394078579,0.15074609552261153
25.033176392597714,20.440881763527056,9.315714678314496,0.023561319843033324,0.25,0.2,0.48920989882274996,2.685988055251365,0.148920989882275
25.25312162836351,20.64128256513026,9.225075694136255,0.021175027693915608,0.25,0.2,0.47131270770436706,2.7186606756364164,0.14713127077043672
25.47353402441245,20.841683366733466,9.133308907939782,0.01883391666330636,0.25,0.2,0.4537543749747977,2.7514964486826354,0.14537543749747978
25.694368485168344,21.042084168336675,9.040532953220158,0.016535851079277564,0.25,0.2,0.4365188830945817,2.7845091680125424,0.14365188830945816
25.91557866593332,21.24248496993988,8.946866188618907,0.014278600211528835,0.25,0.2,0.4195895015864663,2.817715963332913,0.14195895015864665
26.137117198988257,21.442885771543086,8.852426576458933,0.012059874092235655,0.25,0.2,0.4029490556917674,2.851137027229885,0.14029490556917676
26.35893591569615,21.643286573146295,8.757331561874945,0.009877355853571745,0.25,0.2,0.3865801689017881,2.8847953329435807,0.13865801689017881
26.58098606429943,21.8436873747495,8.661697952659713,0.0077287309716780744,0.25,0.2,0.3704654822875856,2.918716342511003,0.13704654822875859
26.803218523128912,22.044088176352705,8.56564179994585,0.005611713797054559,0.25,0.2,0.3545878534779092,2.9529277039728252,0.13545878534779093
27.02558400896256,22.244488977955914,8.469278279841888,0.0035240717331344097,0.25,0.2,0.3389305379985081,2.9874589356811407,0.1338930537998508
27.24803328028726,22.44488977955912,8.372721576140478,0.0014636474023076395,0.25,0.2,0.32347735551730733,3.0223410950892475,0.13234773555173074
27.470517335226585,22.645290581162325,8.276084764215424,0.0005716208885062716,0.25,0.2,0.31678715666379703,3.037696699696231,0.1316787156663797
27.69298760390314,22.845691382765533,8.179479696223055,0.0025836801016149765,0.25,0.2,0.3318776007621123,3.0032789782718505,0.13318776007621122
27.915396135005462,23.04609218436874,8.083016887722136,0.004574344592271762,0.25,0.2,0.34680758444203824,2.9699862446625134,0.13468075844420382
28.1376957763278,23.246492985971944,7.986805405825052,0.006545279187459924,0.25,0.2,0.3615895939059494,2.937742780866388,0.13615895939059494
28.359840349046134,23.44689378757515,7.890952758991467,0.008497983040910819,0.25,0.2,0.37623487280683116,2.9064806298956802,0.13762348728068313
28.58178481548667,23.647294589178358,7.795564788573986,0.010433774121809852,0.25,0.2,0.3907533059135739,2.8761391276164785,0.1390753305913574
28.80348544013372,23.847695390781563,7.700745562223605,0.012353774232273886,0.25,0.2,0.40515330674205413,2.8466644748353325,0.1405153306742054
29.024899943613093,24.04809619238477,7.606597269260805,0.014258894487490669,0.25,0.2,0.41944170865618,2.8180093452283415,0.141944170865618
29.245987649375046,24.248496993987978,7.513220118116239,0.016149821231370154,0.25,0.2,0.4336236592352762,2.7901325248312943,0.14336236592352763
29.466709622788244,24.448897795591183,7.42071223594283,0.01802700240056533,0.25,0.2,0.44770251800424,2.762998578958253,0.144770251800424
29.68702880234325,24.649298597194388,7.3291695704988795,0.019890634390161973,0.25,0.2,0.4616797579262148,2.7365775425905015,0.1461679757926215
29.906910122651247,24.849699398797597,7.238685794399623,0.021740649514589944,0.25,0.2,0.4755548713594246,2.7108446304777614,0.14755548713594246
30.12632062891188,25.050100200400802,7.149352211832149,0.023576704198147582,0.25,0.2,0.4893252814861069,2.6857799633996975,0.1489325281486107
30.3452295825132,25.250501002004007,7.061257667826196,0.025398168069151218,0.25,0.2,0.5029862605186342,2.6613683072656458,0.15029862605186342
30.563608557417734,25.450901803607216,6.974488460170793,0.027204114169872222,0.25,0.2,0.5165308562740417,2.6375988219768787,0.1516530856274042
30.781431526982008,25.65130260521042,6.8891282540640155,0.028993310530717742,0.25,0.2,0.5299498289803831,2.61446481723244,0.15299498289803834
30.998674940853075,25.851703406813627,6.805257999580384,0.030764213390240276,0.25,0.2,0.5432316004268021,2.5919635127311706,0.1543231600426802
31.215317791585232,26.052104208416836,6.722955852037639,0.03251496237087816,0.25,0.2,0.5563622177815862,2.5700958005145718,0.1556362217781586
31.431341670623958,26.25250501002004,6.64229709534172,0.034243377942730746,0.25,0.2,0.5693253345704806,2.5488660075030185,0.15693253345704808
31.64673081331268,26.452905811623246,6.563354068385728,0.03594696152293639,0.25,0.2,0.5821022114220229,2.528281656597095,0.1582102211422023
31.861472132591658,26.653306613226455,6.486196094575709,0.03762289856463817,0.25,0.2,0.5946717392347863,2.508353225046445,0.15946717392347864
32.075555241078234,26.85370741482966,6.41088941455283,0.039268064984834164,0.25,0.2,0.6070104873862562,2.4890938991355647,0.16070104873862562
32.288972461243745,27.054108216432866,6.337497122178442,0.04087903726374621,0.25,0.2,0.6190927794780967,2.470519324587052,0.16190927794780968
32.501718823435596,27.254509018036075,6.2660791038451364,0.04245210651822969,0.25,0.2,0.6308907988867227,2.452647352434925,0.16308907988867227
32.7137920515334,27.45490981963928,6.196691981173732,0.04398329680638066,0.25,0.2,0.642374726047855,2.4354977804763474,0.1642374726047855
32.925192536076395,27.655310621242485,6.1293890571525305,0.04546838786027496,0.25,0.2,0.6535129089520623,2.4190920907506297,0.16535129089520623
33.13592329475488,27.855711422845694,6.06422026577197,0.04690294236674486,0.25,0.2,0.6642720677505864,2.403453183833314,0.16642720677505865
33.34598992022262,28.0561122244489,6.001232125204112,0.0482823378251747,0.25,0.2,0.6746175336888103,2.388605111036243,0.16746175336888103
33.555400515258164,28.256513026052104,5.9404676945729324,0.04960180290477985,0.25,0.2,0.6845135217858489,2.374572805897914,0.1684513521785849
33.764165615382,28.45691382765531,5.881966534357883,0.05085645810521537,0.25,0.2,0.6939234357891153,2.3613818166088465,0.16939234357891153
33.972298099121936,28.65731462925852,5.8257646704693435,0.052041360398389684,0.25,0.2,0.7028102029879226,2.349058041219859,0.17028102029879227
34.17981308621046,28.857715430861724,5.771894562031148,0.05315155139460908,0.25,0.2,0.7111366354595681,2.3376274676777644,0.1711136635459568
34.38672782409446,29.05811623246493,5.7203850729015056,0.0541821084428954,0.25,0.2,0.7188658133217156,2.3271159208582914,0.17188658133217158
34.59306156323776,29.258517034068138,5.671261446959938,0.05512819794592524,0.25,0.2,0.7259614845944393,2.317548818848589,0.17259614845944393
34.79883542179954,29.458917835671343,5.624545287184162,0.05598513004921828,0.25,0.2,0.7323884753691372,2.3089509407800004,0.17323884753691374
35.00407224037491,29.65931863727455,5.580254538536918,0.05674841376067999,0.25,0.2,0.7381131032050999,2.3013462084969936,0.17381131032051
35.208796427585995,29.859719438877757,5.538403474679114,0.057413811473969366,0.25,0.2,0.7431035860547703,2.294757484294634,0.17431035860547706
35.413033797410996,30.060120240480963,5.499002688521649,0.05797739181436943,0.25,0.2,0.7473304386077708,2.289206386850961,0.1747330438607771
35.61681139923302,30.260521042084168,5.462059086624587,0.05843557970133156,0.25,0.2,0.7507668477599867,2.2847131273463326,0.1750766847759987
35.82015734167749,30.460921843687377,5.427575887448447,0.058785202532956646,0.25,0.2,0.7533890189971749,2.281296367584041,0.1753389018997175
36.023100611385495,30.661322645290582,5.395552623458535,0.059023531446624415,0.25,0.2,0.7551764858496832,2.2789731017069745,0.17551764858496832
36.2256708879382,30.861723446893787,5.3659851470793525,0.059148316694101616,0.25,0.2,0.7561123752057621,2.27775856287746,0.17561123752057622
36.427898356202846,31.062124248496996,5.338865640492392,0.05915781628988829,0.25,0.2,0.7561836221741622,2.2776661560298486,0.17561836221741622
36.62981351741264,31.2625250501002,5.314182629266625,0.05905081724490223,0.25,0.2,0.7553811293367667,2.278707417523233,0.1755381129336767
36.8314470003201,31.462925851703407,5.291920999807296,0.05882664887556821,0.25,0.2,0.7536998665667616,2.2808920022505594,0.17536998665667616
37.03282937377462,31.663326653306616,5.272062020604773,0.058485187878435,0.25,0.2,0.7511389090882625,2.284227698465461,0.17511389090882626
37.23399096207096,31.86372745490982,5.2545833672613504,0.058026855072424124,0.25,0.2,0.7477014130431809,2.288720470297618,0.17477014130431812
37.43496166439484,32.06412825651303,5.239459151270261,0.057452603925460775,0.25,0.2,0.7433945294409559,2.294374527653621,0.17433945294409559
37.63577077965589,32.26452905811623,5.226659952517245,0.05676390119366429,0.25,0.2,0.7382292589524821,2.3011924229204035,0.17382292589524823
37.836446837947705,32.46492985971944,5.216152855471466,0.05596270019885767,0.25,0.2,0.7322202514914327,2.3091751736281925,0.17322202514914328
38.037017439809944,32.66533066132265,5.207901489028714,0.055051407447015484,0.25,0.2,0.7253855558526162,2.3183224099864224,0.17253855558526163
38.23750910439095,32.86573146292585,5.201866069966362,0.05403284343979677,0.25,0.2,0.7177463257984759,2.328632545984718,0.1717746325798476
38.43794712752149,33.06613226452906,5.198003449965756,0.05291019865005334,0.25,0.2,0.7093264898754001,2.340102972540709,0.17093264898754001
38.63835545061383,33.26653306613227,5.196267166154304,0.051686985714551686,0.25,0.2,0.7001523928591377,2.352730271004248,0.17001523928591378
38.838756541197206,33.46693386773547,5.196607495115921,0.0503669889434905,0.25,0.2,0.6902524170761788,2.3665104451791015,0.1690252417076179
39.039171285792186,33.66733466933868,5.198971510315067,0.048954212258397876,0.25,0.2,0.6796565919379842,2.381439169886988,0.16796565919379844
39.23961889571521,33.86773547094189,5.203303142876149,0.047452826646369954,0.25,0.2,0.6683961998477748,2.3975120540102894,0.16683961998477748
39.44011682629286,34.06813627254509,5.209543245656812,0.0458671181650611,0.25,0.2,0.6565033862379583,2.4147249158870094,0.16565033862379586
39.640680709853775,34.2685370741483,5.217629660550214,0.044201437456080246,0.25,0.2,0.6440107809206019,2.4330740688696135,0.1644010780920602
39.841324302757734,34.46893787575151,5.22749728894823,0.04246015162418816,0.25,0.2,0.6309511371814112,2.4525566148552733,0.16309511371814112
40.04205944661688,34.66933867735471,5.239078165294432,0.040647599225519845,0.25,0.2,0.617356994191399,2.4731707436055625,0.1617356994191399
40.242896043764766,34.86973947895792,5.252301533652429,0.038768048987968415,0.25,0.2,0.6032603674097632,2.4949160356670097,0.16032603674097634
40.44384204693586,35.07014028056113,5.267093927212295,0.03682566275931326,0.25,0.2,0.5886924706948494,2.5177937667511654,0.15886924706948494
40.64490346303262,35.27054108216433,5.283379250654816,0.03482446305332026,0.25,0.2,0.573683472899902,2.541807211477546,0.1573683472899902
40.846084370778506,35.47094188376754,5.3010788652904335,0.03276830544753298,0.25,0.2,0.5582622908564974,2.566961944385758,0.15582622908564975
41.047386951985196,35.671342685370746,5.320111676886913,0.03066085597526797,0.25,0.2,0.5424564198145098,2.593266136155098,0.154245641981451
41.24881153609964,35.87174348697395,5.340394226097281,0.02850557355600923,0.25,0.2,0.5262918016700693,2.620730842964103,0.15262918016700694
41.450356657641734,36.07214428857716,5.361840781396657,0.02630569742497681,0.25,0.2,0.5097927306873261,2.6493702868598517,0.15097927306873263
41.652019126096,36.27254509018036,5.384363434434453,0.024064239450897116,0.25,0.2,0.49298179588172836,2.6792021249245517,0.14929817958817285
41.85379410778042,36.47294589178357,5.40787219770566,0.02178398117644992,0.25,0.2,0.4758798588233744,2.7102477048429585,0.14758798588233743
42.05567521918125,36.673346693386776,5.432275104442861,0.019467475372936804,0.25,0.2,0.45850606529702603,2.7425323042351533,0.1458506065297026
42.257654631214336,36.87374749498998,5.457478310628263,0.017117051872076378,0.25,0.2,0.44087788904057285,2.776085350760328,0.1440877889040573
42.459723183850016,37.07414829659319,5.483386199022936,0.014734827420661463,0.25,0.2,0.423011205654961,2.8109406195146187,0.1423011205654961
42.66187051051897,37.274549098196395,5.509901485108467,0.012322719295736848,0.25,0.2,0.4049203947180264,2.8471364036272084,0.14049203947180264
42.864085171700424,37.4749498997996,5.536925324834216,0.009882462419190666,0.25,0.2,0.38661846814393,2.884715653148796,0.138661846814393
43.0663547970801,37.675350701402806,5.564357424061692,0.007415629715873857,0.25,0.2,0.3681172228690539,2.9237260763457624,0.13681172228690539
43.268666235653065,37.875751503006015,5.592096149595724,0.004923655469298817,0.25,0.2,0.34942741601974114,2.96422019629508,0.13494274160197414
43.47100571313504,38.07615230460922,5.620038641690622,0.0024078614422448183,0.25,0.2,0.33055896081683617,3.0062553541741446,0.13305589608168364
43.67335899603418,38.276553106212425,5.648080927917863,0.00013051446055206857,0.25,0.2,0.31347885845414053,3.045347836589985,0.13134788584541407
43.87571156172267,38.476953907815634,5.676118038280791,0.0026902872019770705,0.25,0.2,0.33267715401482806,3.0014771304134578,0.13326771540148283
44.07804877383389,38.677354709418836,5.704044121460107,0.005270291500966044,0.25,0.2,0.35202718625724533,2.958520391200872,0.13520271862572453
44.280356062294835,38.877755511022045,5.731752562073232,0.007869346809255573,0.25,0.2,0.3715201010694168,2.9164720202650156,0.13715201010694167
44.482619107284464,39.078156312625254,5.759136098829253,0.010486220594579638,0.25,0.2,0.3911466544593473,2.8753258954962964,0.13911466544593473
44.6848240263877,39.278557114228455,5.786086943460542,0.013119590162863065,0.25,0.2,0.410896926221473,2.8350759900742086,0.1410896926221473
44.886957564188954,39.478957915831664,5.812496900310997,0.01576800327915502,0.25,0.2,0.43076002459366264,2.7957169135585853,0.14307600245936627
45.08900728352056,39.67935871743487,5.838257486460593,0.0184298378857727,0.25,0.2,0.4507237841432952,2.7572443794751353,0.14507237841432952
45.29096175754877,39.879759519038075,5.863260052265036,0.021103261263232833,0.25,0.2,0.4707744594742463,2.7196556033682207,0.14707744594742464
45.49281076184348,40.08016032064128,5.887395902189096,0.02378618903875711,0.25,0.2,0.49089641779067833,2.682949635044062,0.14908964177906783
45.694545465537395,40.28056112224449,5.910556415811701,0.02647624451872132,0.25,0.2,0.5110718338904099,2.6471276284077034,0.151107183389041
45.896158620637166,40.480961923847694,5.932633168880915,0.029170718903448974,0.25,0.2,0.5312803917758673,2.612193051960322,0.15312803917758674
46.09764474850218,40.6813627254509,5.9535180542966355,0.0318665330308373,0.25,0.2,0.5514989977312797,2.57815184273345,0.15514989977312799
46.299000322458014,40.88176352705411,5.9731034028989844,0.034560201392219415,0.25,0.2,0.5717015104416456,2.54501250614438,0.15717015104416457
46.5002239454618,41.08216432865731,5.991282103940647,0.0372477992638779,0.25,0.2,0.5918584944790842,2.512786164017016,0.15918584944790842
46.70131652168616,41.28256513026052,6.007947725121443,0.039924933893162894,0.25,0.2,0.6119370041987218,2.4814865528745407,0.1611937004198722
46.90228142083959,41.48296593186373,6.022994632064119,0.04258672077193457,0.25,0.2,0.6319004057895093,2.4511299744819963,0.16319004057895095
47.10312463399484,41.68336673346693,6.0363181071107155,0.04522776610771821,0.25,0.2,0.6517082458078867,2.4217352006034893,0.1651708245807887
47.30385491965512,41.88376753507014,6.047814467319551,0.04784215666078856,0.25,0.2,0.6713161749559142,2.3933233339918534,0.16713161749559144
47.5044839387532,42.08416833667335,6.057381181543675,0.05042345814528664,0.25,0.2,0.6906759360896498,2.3659176277457203,0.169067593608965
47.70502637725221,42.28456913827655,6.064916986472447,0.05296472338487094,0.25,0.2,0.709735425386532,2.339543265353873,0.1709735425386532
47.90550005500284,42.48496993987976,6.07032200151908,0.05545851136215495,0.25,0.2,0.7284388352161622,2.314227103963301,0.17284388352161623
48.10592601951031,42.68537074148297,6.073497842437922,0.05789691819066685,0.25,0.2,0.7467268864300014,2.2899973837210963,0.17467268864300015
48.30632862328112,42.88577154308617,6.074347733556554,0.060271620870196746,0.25,0.2,0.7645371565264757,2.266883406339867,0.17645371565264756
48.50673558345391,43.08617234468938,6.072776618509284,0.06257393445281546,0.25,0.2,0.781804508396116,2.2449151863470047,0.17818045083961162
48.7071780224754,43.28657314629259,6.068691269359838,0.06479488293864018,0.25,0.2,0.7984616220398013,2.224123078847371,0.17984616220398014
48.90769048866204,43.48697394789579,6.062000394002814,0.06692528384944339,0.25,0.2,0.8144396288708255,2.2045373879368513,0.18144396288708256
49.108310955593254,43.687374749499,6.052614741735109,0.06895584599329123,0.25,0.2,0.8296688449496843,2.186187960209816,0.18296688449496845
49.30908079941301,43.88777555110221,6.040447206890262,0.07087727944666161,0.25,0.2,0.8440795958499621,2.1691037680813037,0.18440795958499623
49.51004475327506,44.08817635270541,6.025412930430719,0.07268041626063342,0.25,0.2,0.8576031219547506,2.153312487863829,0.18576031219547506
49.711250838351354,44.28857715430862,6.007429399394816,0.07435633986126962,0.25,0.2,0.8701725489595222,2.138840077737969,0.18701725489595222
49.91275027103282,44.48897795591183,5.9864165440975725,0.07589652059555653,0.25,0.2,0.881723904466674,2.125710360858543,0.18817239044666742
50.11459734618449,44.68937875751503,5.962296832986581,0.07729295439594389,0.25,0.2,0.8921971579695791,2.113944618906519,0.18921971579695793
50.31684929656903,44.88977955911824,5.934995365056421,0.07853830113148977,0.25,0.2,0.9015372584861732,2.103561201416809,0.19015372584861734
50.51956612882036,45.09018036072145,5.904439959727675,0.07962601891960193,0.25,0.2,0.9096951418970145,2.0945751561301877,0.19096951418970146
50.722810436627135,45.29058116232465,5.870561244098958,0.08055049051005099,0.25,0.2,0.9166286788253823,2.0869978855014444,0.19166286788253825
50.92664719206783,45.49098196392786,5.83329273748301,0.08130713784771154,0.25,0.2,0.9223035338578367,2.080836834322658,0.19223035338578368
51.131143516318694,45.69138276553107,5.79257093314057,0.08189252109162164,0.25,0.2,0.9266939081871624,2.0760952131538235,0.19266939081871626
51.33636843122644,45.89178356713427,5.748335377128621,0.08230441871434735,0.25,0.2,0.9297831403576051,2.0727717619394097,0.19297831403576052
51.542392593491165,46.09218436873748,5.7005287441822095,0.08254188582083233,0.25,0.2,0.9315641436562425,2.070860557821513,0.19315641436562425
51.74928801343503,46.29258517034068,5.649096910552249,0.0826052884969175,0.25,0.2,0.9320396637268813,2.070350870687638,0.19320396637268814
51.95712776053318,46.49298597194389,5.593989023724534,0.08249631278759634,0.25,0.2,0.9312223459069726,2.071227069465921,0.19312223459069727
52.16598565804796,46.6933867735471,5.535157568948337,0.08221794777526427,0.25,0.2,0.929134608314482,2.073468581591032,0.19291346083144822
52.37593596923258,46.8937875751503,5.472558432506101,0.08177444313843694,0.25,0.2,0.9258083235382772,2.077049907360885,0.19258083235382772
52.58705307765232,47.09418837675351,5.4061509616590335,0.08117124246430102,0.25,0.2,0.9212843184822577,2.0819406901524338,0.19212843184822578
52.799411164207626,47.294589178356716,5.3358980212065354,0.08041489441718648,0.25,0.2,0.9156117081288986,2.088105842653811,0.19156117081288987
53.01308388343527,47.49498997995992,5.261766046600897,0.07951294459176392,0.25,0.2,0.9088470844382295,2.095505728358117,0.19088470844382296
53.22814404161065,47.69539078156313,5.183725093562074,0.07847381145907739,0.25,0.2,0.9010535859430804,2.1040963966387447,0.19010535859430805
53.44466327907998,47.895791583166336,5.101748884140721,0.07730665022247157,0.25,0.2,0.8922998766685368,2.113829868784934,0.1892299876668537
53.66271175911967,48.09619238476954,5.015814849181288,0.07602120863003514,0.25,0.2,0.8826590647252637,2.1246544714051665,0.1882659064725264
53.882357865454956,48.296593186372746,4.925904167140468,0.07462767883346837,0.25,0.2,0.8722075912510128,2.1365152126785216,0.18722075912510128
54.10366791037898,48.496993987975955,4.832001799220031,0.07313654924981558,0.25,0.2,0.861024119373617,2.1493541960897953,0.1861024119373617
54.32670585520078,48.69739478957916,4.734096520776401,0.07155846009742305,0.25,0.2,0.8491884507306728,2.16311106551605,0.1849188450730673
54.55153304452433,48.897795591182366,4.632180948973464,0.0699040658685442,0.25,0.2,0.8367804940140815,2.177723474871208,0.18367804940140817
54.778207955626,49.098196392785574,4.526251566648519,0.06818390749236682,0.25,0.2,0.8238793061927512,2.1931275750640444,0.18238793061927513
55.00678596396157,49.298597194388776,4.416308742364944,0.06640829637984981,0.25,0.2,0.8105622228488736,2.2092585107106135,0.18105622228488738
55.23731912560069,49.498997995991985,4.302356746629364,0.06458721195567249,0.25,0.2,0.7969040896675438,2.226050918911351,0.17969040896675437
55.46985597716267,49.699398797595194,4.1844037642543865,0.06273021369683017,0.25,0.2,0.7829766027262264,2.243439422527405,0.17829766027262264
55.70444135361538,49.899799599198396,4.06246190285211,0.06084636815094168,0.25,0.2,0.7688477611320625,2.2613591106563065,0.17688477611320627
55.94111622410307,50.100200400801604,3.9365471974473905,0.058944190911850054,0.25,0.2,0.7545814318388755,2.279745999481957,0.17545814318388755
56.179917545791184,50.30060120240481,3.806679611203619,0.05703160310046951,0.25,0.2,0.7402370232535214,2.2985374673397416,0.17402370232535214
56.42087813555817,50.501002004008015,3.6728830322576402,0.05511590155018785,0.25,0.2,0.7258692616264089,2.3176726586059693,0.1725869261626409
56.664026559226905,50.701402805611224,3.5351852666643646,0.053203741624906,0.25,0.2,0.711528062186795,2.337092851921608,0.1711528062186795
56.90938703791174,50.90180360721443,3.39361802745542,0.05130113140380232,0.25,0.2,0.6972584855285173,2.3567417892475118,0.16972584855285175
57.15697937096108,51.102204408817634,3.2482169198199866,0.049413435848893836,0.25,0.2,0.6831007688667039,2.3765659632449414,0.1683100768866704
57.406818874898406,51.30260521042084,3.0990214224199635,0.04754538951652175,0.25,0.2,0.6690904213739133,2.3965148614940803,0.16690904213739133
57.65891633770614,51.50300601202405,2.946074864855277,0.04570111637423859,0.25,0.2,0.6552583728067896,2.416541167054952,0.16552583728067896
57.913277987754995,51.703406813627254,2.7894244012990788,0.043884155332368086,0.25,0.2,0.6416311649927606,2.4366009157834423,0.16416311649927606
58.169905476654364,51.90380761523046,2.6291209803262663,0.04209749017960225,0.25,0.2,0.628231176347017,2.4566536116659514,0.1628231176347017
58.42879587528549,52.10420841683367,2.4652193109626674,0.04034358271927322,0.25,0.2,0.6150768703945493,2.476662302162023,0.16150768703945495
58.68994168227712,52.30460921843687,2.2977778249859013,0.038624408026186996,0.25,0.2,0.6021830601964024,2.4965936161562357,0.16021830601964027
58.95333084419051,52.50501002004008,2.1268586355125425,0.03694149087408147,0.25,0.2,0.589561181555611,2.5164177676290715,0.1589561181555611
59.21894678669569,52.70541082164329,1.952527491910186,0.035295942519199146,0.25,0.2,0.5772195688939936,2.5361085285068787,0.15772195688939938
59.48676845604311,52.90581162324649,1.7748537310763655,0.03368849715578291,0.25,0.2,0.5651637286683718,2.555643174406531,0.1565163728668372
59.75677037016112,53.1062124248497,1.5939102251299435,0.03211954748320192,0.25,0.2,0.5533966061240144,2.5750024071319895,0.15533966061240145
60.02892267874002,53.30661322645291,1.4097733255643936,0.030589178940650556,0.25,0.2,0.5419188420548792,2.594170257799881,0.1541918842054879
60.30319123169676,53.50701402805611,1.2225228039155143,0.0290972022689,0.25,0.2,0.53072901701675,2.61313397442196,0.153072901701675
60.57953765544878,53.70741482965932,1.0322417889998827,0.027643184150492113,0.25,0.2,0.5198238811286908,2.631883897645704,0.1519823881128691
60.857919436460726,53.90781563126253,0.8390167007836462,0.026226475760107705,0.25,0.2,0.5091985682008078,2.650413328160391,0.1509198568200808
61.138290011563605,54.10821643286573,0.6429371809445903,0.024846239125146163,0.25,0.2,0.4988467934385962,2.6687183890378514,0.14988467934385963
61.42059886458097,54.30861723446894,0.44409602019368366,0.023501471252392284,0.25,0.2,0.4887610343929421,2.6867978860227506,0.14887610343929422
61.70479162883064,54.50901803607215,0.24258908242562294,0.022191026023266253,0.25,0.2,0.4789326951744969,2.704653168498683,0.14789326951744972
61.990810195104096,54.70941883767535,0.03851522577094135,0.020913633897521357,0.25,0.2,0.4693522542314102,2.7222879935569453,0.14693522542314102
62.27859282475666,54.90981963927856,-0.16802377937466328,0.019667919492005505,0.25,0.2,0.4600093961900413,2.73970839532826,0.14600093961900415
62.56807426757194,55.11022044088177,-0.37692333526506383,0.018452417123443834,0.25,0.2,0.4508931284258288,2.756922561443149,0.1450893128425829
62.85918588409197,55.31062124248497,-0.5880761045807921,0.01726558441892342,0.25,0.2,0.44199188314192567,2.773940718226849,0.14419918831419257
63.15185577213135,55.51102204408818,-0.801372100984322,0.01610581410550685,0.25,0.2,0.4332936057913014,2.7907750260224287,0.14332936057913015
63.446008897217645,55.71142284569139,-1.0166987823659523,0.014971444098227312,0.25,0.2,0.42478583073670484,2.807439485786959,0.14247858307367048
63.741567226723944,55.91182364729459,-1.2339411466905692,0.013860766005752558,0.25,0.2,0.4164557450431442,2.823949857945024,0.14164557450431442
64.03844986748038,56.1122244488978,-1.4529818303529964,0.012772032171402258,0.25,0.2,0.40829024128551694,2.8403235943385616,0.1408290241285517
64.33657320667056,56.31262525050101,-1.6737012089464796,0.011703461366144098,0.25,0.2,0.40027596024608075,2.85657978395705,0.1400275960246081
64.63585105583778,56.51302605210421,-1.895977500347401,0.010653243243662179,0.25,0.2,0.3923993243274663,2.8727391130644317,0.13923993243274665
64.93619479784158,56.71342685370742,-2.119686870016255,0.009619541662161028,0.25,0.2,0.3846465624662077,2.8888238402697946,0.13846465624662077
65.23751353662097,56.91382765531062,-2.344703538413045,0.008600496971624837,0.25,0.2,0.3770037272871863,2.904857787044875,0.13770037272871863
65.53971424963449,57.11422845691383,-2.5708998904231377,0.007594227358106342,0.25,0.2,0.3694567051857976,2.9208663441881577,0.13694567051857975
65.84270194286024,57.31462925851704,-2.79814658668748,0.0065988293289507005,0.25,0.2,0.36199121996713024,2.9368764947666364,0.13619912199671302
66.14637980825091,57.51503006012024,-3.0263126767294115,0.005612377416980808,0.25,0.2,0.3545928306273561,2.9529168540981203,0.1354592830627356
66.45064938354963,57.71543086172345,-3.2552657137681407,0.004632923175002188,0.25,0.2,0.34724692381251643,2.969017727411521,0.13472469238125165
66.7554107143832,57.91583166332666,-3.484871871107709,0.0036584935247192724,0.25,0.2,0.33993870143539456,2.9852111859408526,0.13399387014353945
67.06056251855807,58.11623246492986,-3.7149960599883425,0.002687088519879924,0.25,0.2,0.33265316389909944,3.00153116231438,0.13326531638990996
67.36600235249388,58.31663326653307,-3.945502048785867,0.001716678578390075,0.25,0.2,0.3253750893379256,3.0180135662562884,0.13253750893379257
67.67162677973725,58.517034068136276,-4.176252583443176,0.000745201233450217,0.25,0.2,0.31808900925087663,3.034696421809451,0.13180890092508765
67.97733154150691,58.71743486973948,-4.407109509017084,0.00022944254925775232,0.25,0.2,0.31422081911943317,3.0436285453765057,0.13142208191194332
68.283011729228,58.91783567134269,-4.637933892222115,0.0012093924427198674,0.25,0.2,0.321570443320399,3.026702072687205,0.1321570443320399
68.58856195902094,59.118236472945895,-4.868586144852149,0.002196833174709304,0.25,0.2,0.3289762488103198,3.009835581020159,0.132897624881032
68.8938765481171,59.3186372745491,-5.098926147960071,0.0031939992452757067,0.25,0.2,0.3364549943395678,2.9929926686208157,0.1336454994339568
69.19884969317935,59.519038076152306,-5.328813376674387,0.004203179899909296,0.25,0.2,0.3440238492493197,2.976137664695554,0.13440238492493198
69.50337565051207,59.719438877755515,-5.558107025531467,0.005226724311043208,0.25,0.2,0.35170043233282405,2.959235570485558,0.1351700432332824
69.8073489181512,59.91983967935872,-5.786666134201439,0.006267046915367884,0.25,0.2,0.35950285186525915,2.942252011102395,0.13595028518652594
70.11066441983013,60.120240480961925,-6.014349713485338,0.00732663284885692,0.25,0.2,0.3674497463664269,2.925153198959419,0.1367449746366427
70.41321769082201,60.320641282565134,-6.241016871460816,0.008408043413318592,0.25,0.2,0.37556032559988944,2.907905909728516,0.13755603255998894
70.71490506566475,60.521042084168336,-6.466526939653566,0.00951392149707714,0.25,0.2,0.38385441122807856,2.8904774718680604,0.13838544112280787
71.01562386777806,60.721442885771545,-6.690739599111632,0.010646996860876067,0.25,0.2,0.3923524764565705,2.87283577085286,0.13923524764565706
71.31527260098615,60.92184368737475,-6.913515006259728,0.011810091183584318,0.25,0.2,0.40107568387688236,2.8549492693583103,0.14010756838768823
71.61375114296209,61.122244488977955,-7.134713918410937,0.013006122743305149,0.25,0.2,0.4100459205747886,2.8367870447576964,0.14100459205747887
71.91096094061218,61.322645290581164,-7.35419781881368,0.014238110588132962,0.25,0.2,0.41928582941099724,2.8183188453730974,0.14192858294109972
72.20680520741851,61.52304609218437,-7.571829041111776,0.015509178023309195,0.25,0.2,0.42881883517481895,2.799515167022971,0.1428818835174819
72.50118912275808,61.723446893787575,-7.78747089309661,0.016822555211961177,0.25,0.2,0.43866916408970885,2.7803473514572237,0.1438669164089709
72.79402003321395,61.92384769539078,-8.000987779630702,0.01818158065107947,0.25,0.2,0.44886185488309605,2.7607877083096697,0.14488618548830962
73.08520765588918,62.12424849699399,-8.212245324622678,0.019589701243241768,0.25,0.2,0.45942275932431326,2.7408096622063978,0.14594227593243134
73.37466428372768,62.324649298597194,-8.421110491935064,0.02105047064004112,0.25,0.2,0.4703785298003084,2.72038792659958,0.14703785298003086
73.66230499283613,62.5250501002004,-8.627451705106843,0.022567545480836657,0.25,0.2,0.48175659110627495,2.699498705798644,0.1481756591106275
73.94804785178682,62.72545090180361,-8.831138965774056,0.02414467909284924,0.25,0.2,0.4935850931963693,2.6781199264915934,0.14935850931963693
74.23181413286456,62.92585170340681,-9.032043970673097,0.025785712155991798,0.25,0.2,0.5058928411699385,2.6562314997741625,0.15058928411699385
74.51352852519707,63.12625250501002,-9.23004022711263,0.027494559767639287,0.25,0.2,0.5187091982572947,2.6338156143322005,0.15187091982572948
74.79311934968052,63.32665330661323,-9.425003166801492,0.02927519426903331,0.25,0.2,0.5320639570177499,2.6108570609455684,0.153206395701775
75.07051877557609,63.52705410821643,-9.616810257921667,0.03113162311854846,0.25,0.2,0.5459871733891135,2.5873435878715596,0.15459871733891137
75.345663038611,63.72745490981964,-9.805341115337134,0.0330678610207854,0.25,0.2,0.5605089576558905,2.5632662858972477,0.15605089576558906
75.61849266036499,63.92785571142285,-9.990477608831046,0.03508789544369789,0.25,0.2,0.5756592158277342,2.5386200009617546,0.15756592158277344
75.88895266866197,64.12825651302606,-10.172103969265844,0.037195644586354014,0.25,0.2,0.5914673343976551,2.5134037711895205,0.15914673343976551
76.15699281861247,64.32865731462925,-10.35010689256285,0.0393949068014936,0.25,0.2,0.607961801011202,2.4876212839661442,0.1607961801011202
76.42256781386702,64.52905811623246,-10.524375641399942,0.04168930043545726,0.25,0.2,0.6251697532659295,2.46128134735564,0.16251697532659296
76.68563752753954,64.72945891783567,-10.694802144528214,0.044082193035285114,0.25,0.2,0.6431164477646384,2.434398368686383,0.16431164477646384
76.94616722214442,64.92985971943888,-10.861281093610993,0.046576618896777534,0.25,0.2,0.6618246417258316,2.406992831593793,0.16618246417258317
77.20412776775771,65.13026052104209,-11.023710037490762,0.049175184002100684,0.25,0.2,0.6813138800157552,2.379091761237656,0.16813138800157554
77.45949585746177,65.3306613226453,-11.181989473792175,0.051879957538605734,0.25,0.2,0.7015996815395431,2.350729165852306,0.17015996815395432
77.71225421896315,65.53106212424849,-11.336022937772114,0.054692349416950746,0.25,0.2,0.7226926206271307,2.321946441347056,0.1722692620627131
77.96239182108344,65.7314629258517,-11.48571708833012,0.05761297353595525,0.25,0.2,0.7445973015196644,2.2927927244388857,0.17445973015196647
78.20990407361398,65.93186372745491,-11.630981791095557,0.06064149699763969,0.25,0.2,0.7673112274822977,2.263325178835863,0.17673112274822977
78.45479301879757,66.13226452905812,-11.77173019851079,0.06377647607297159,0.25,0.2,0.790823570547287,2.233609198463685,0.17908235705472872
78.69706751245513,66.33266533066133,-11.907878826832265,0.06701518047770574,0.25,0.2,0.8151138535827931,2.2037185117090767,0.18151138535827932
78.93674339251601,66.53306613226454,-12.039347629974857,0.0703534084508372,0.25,0.2,0.8401505633812789,2.173735171240551,0.1840150563381279
79.17384363244133,66.73346693386773,-12.166060070127523,0.07378529623540822,0.25,0.2,0.8658897217655617,2.1437494152736307,0.18658897217655618
79.40839847675659,66.93386773547094,-12.287943185071901,0.07730312683644992,0.25,0.2,0.8922734512733745,2.11385938819163,0.18922734512733747
79.64044555563929,67.13426853707415,-12.404927652138202,0.08089714434234016,0.25,0.2,0.9192285825675512,2.0841707112598256,0.19192285825675515
79.87002997525256,67.33466933867736,-12.516947848736656,0.08455538159597241,0.25,0.2,0.9466653619697931,2.0547958977153,0.19466653619697932
80.09720438028457,67.53507014028057,-12.623941909405639,0.08826351050875592,0.25,0.2,0.9744763288156695,2.025853610713723,0.19744763288156697
80.32202898496436,67.73547094188378,-12.725851779321259,0.09200472571249856,0.25,0.2,1.0025354428437392,1.9974677673218717,0.20025354428437395
80.54457156869174,67.93587174348697,-12.822623264216613,0.0957596734025266,0.25,0.2,1.0306975505189495,1.969766496728078,0.20306975505189495
80.76490743236063,68.13627254509018,-12.914206076662554,0.0995064379624494,0.25,0.2,1.0587982847183706,1.9428809658966528,0.20587982847183706
80.98311931149162,68.33667334669339,-13.00055387866508,0.1032205990841321,0.25,0.2,1.0866544931309907,1.9169440907287274,0.20866544931309905
81.19929724243917,68.5370741482966,-13.08162432053853,0.10687537140725928,0.25,0.2,1.1140652855544446,1.8920891551137415,0.21140652855544448
81.41353837822035,68.7374749498998,-13.157379076016973,0.11044183701467254,0.25,0.2,1.140813777610044,1.8684483638112184,0.21408137776100442
81.62594675094074,68.93787575150301,-13.227783873570242,0.11388927829217135,0.25,0.2,1.166669587191285,1.846151357662851,0.21666695871912853
81.83663297838098,69.13827655310621,-13.292808523894546,0.11718561463033404,0.25,0.2,1.1913921097275053,1.825323721046614,0.21913921097275055
82.04571391305844,69.33867735470942,-13.352426943551492,0.12029794126033634,0.25,0.2,1.2147345594525227,1.806085511660048,0.22147345594525225
82.25331223299075,69.53907815631263,-13.406617174733048,0.12319316236074623,0.25,0.2,1.236448717705597,1.7885498416899335,0.2236448717705597
82.45955597444883,69.73947895791584,-13.455361401133898,0.12583870378742193,0.25,0.2,1.2562902784056644,1.772821537318537,0.2256290278405665
82.66457800817251,69.93987975951904,-13.498645959916294,0.12820328386138868,0.25,0.2,1.2740246289604151,1.7589959005099367,0.22740246289604152
82.8685154617998,70.14028056112225,-13.536461349756568,0.13025771421434224,0.25,0.2,1.2894328566075668,1.7471575933994044,0.2289432856607567
83.07150909258496,70.34068136272545,-13.568802234966089,0.13197569742466714,0.25,0.2,1.3023177306850036,1.7373796616724524,0.23023177306850037
83.27370261579998,70.54108216432866,-13.595667445683532,0.1333345847563801,0.25,0.2,1.3125093856728507,1.7297227093572012,0.23125093856728507
83.47524199546788,70.74148296593187,-13.617059974138934,0.13431605630938653,0.25,0.2,1.319870422320399,1.7242342337375416,0.23198704223203992
83.67627470520593,70.94188376753507,-13.63298696699419,0.13490668767599798,0.25,0.2,1.3243001575699849,1.7209481258143227,0.23243001575699848
83.87694896790097,71.14228456913828,-13.643459713768179,0.1350983718666552,0.25,0.2,1.325737788999914,1.7198843390337792,0.23257377889999142
84.07741298364823,71.34268537074149,-13.648493631358745,0.1348885725945969,0.25,0.2,1.324164294459477,1.7210487268630321,0.2324164294459477
84.2778141558157,71.54308617234469,-13.648108244677612,0.1342803944472316,0.25,0.2,1.319602958354237,1.724433048161832,0.2319602958354237
84.47829832522501,71.7434869739479,-13.64232716341796,0.13328246620620054,0.25,0.2,1.312118496546504,1.7300151380539535,0.23121184965465044
84.67900902225486,71.9438877755511,-13.631178054978387,0.13190864463408514,0.25,0.2,1.3018148347556386,1.7377592409272318,0.23018148347556389
84.88008674618672,72.14428857715431,-13.614692613570599,0.13017755640284157,0.25,0.2,1.2888316730213119,1.747616501094598,0.22888316730213118
85.08166828034796,72.34468937875752,-13.59290652554209,0.12811200457102098,0.25,0.2,1.2733400342826575,1.759525605355462,0.2273340034282658
85.28388605060852,72.54509018036072,-13.565859430948555,0.12573827241036553,0.25,0.2,1.2555370430777415,1.7734135700745979,0.2255537043077742
85.48686753360593,72.74549098196393,-13.533594881414702,0.12308536102166995,0.25,0.2,1.2356402076625248,1.789196663349602,0.22356402076625248
85.69073471976824,72.94589178356713,-13.496160294325644,0.12018419795982942,0.25,0.2,1.2138814846987207,1.8067814504281585,0.2213881484698721
85.89560363484063,73.14629258517034,-13.453606903394656,0.11706685222051434,0.25,0.2,1.1905013916538576,1.8260659478421728,0.21905013916538577
86.10158392225577,73.34669338677355,-13.405989705656685,0.11376578688174448,0.25,0.2,1.1657434016130837,1.846940868904751,0.2165743401613084
86.30877848737724,73.54709418837676,-13.353367404940503,0.1103131750518623,0.25,0.2,1.1398488128889674,1.8692909405126052,0.21398488128889676
86.51728320343312,73.74749498997996,-13.295802351875786,0.10674029823418658,0.25,0.2,1.1130522367563993,1.8929962688192339,0.21130522367563992
86.72718667787971,73.94789579158316,-13.23336048049492,0.10307703942989922,0.25,0.2,1.0855777957242443,1.9179337295403776,0.20855777957242447
86.9385700770141,74.14829659318637,-13.166111241492546,0.09935147682877732,0.25,0.2,1.05763607621583,1.9439783576094491,0.20576360762158297
87.15150700590478,74.34869739478958,-13.094127532209265,0.09558957821159342,0.25,0.2,1.0294218365869507,1.971004710744187,0.2029421836586951
87.36606344013074,74.54909819639279,-13.017485623408952,0.09181499148299194,0.25,0.2,1.0011124361224395,1.9988881822906512,0.20011124361224397
87.58229770540827,74.749498997996,-12.93626508292255,0.08804892320109214,0.25,0.2,0.9728669240081911,2.0275062404479707,0.1972866924008191
87.80026050092656,74.9498997995992,-12.850548696233975,0.08431009457112383,0.25,0.2,0.9448257092834287,2.056739573580504,0.19448257092834287
88.01999496209372,75.1503006012024,-12.760422384086986,0.08061476303730215,0.25,0.2,0.9171107227797661,2.08647312461958,0.19171107227797662
88.24153675839099,75.35070140280561,-12.66597511719474,0.0769767971837667,0.25,0.2,0.8898259788782503,2.1165970013674444,0.18898259788782504
88.46491422212786,75.55110220440882,-12.5672988281365,0.07340779295431393,0.25,0.2,0.8630584471573546,2.147007253638865,0.18630584471573547
88.69014850406063,75.75150300601203,-12.464488320528766,0.06991722003525096,0.25,0.2,0.8368791502643822,2.1776065123414785,0.18368791502643822
88.91725375206468,75.95190380761524,-12.357641175560953,0.066512588428499,0.25,0.2,0.8113444132137426,2.208304489648701,0.18113444132137427
89.14623730931758,76.15230460921843,-12.246857655987903,0.0631996266185576,0.25,0.2,0.7864971996391821,2.2390183431621824,0.1786497199639182
89.37709992874156,76.35270541082164,-12.132240607674445,0.05998246418230651,0.25,0.2,0.7623684813672988,2.2696729102285573,0.1762368481367299
89.60983600075639,76.55310621242485,-12.01389535878931,0.05686381310487102,0.25,0.2,0.7389785982865327,2.300200821298962,0.17389785982865327
89.84443379169834,76.75350701402806,-11.891929616748214,0.05384514338174978,0.25,0.2,0.7163385753631235,2.3305425033366305,0.17163385753631236
90.08087569055708,76.95390781563127,-11.766453363007837,0.05092684966506004,0.25,0.2,0.6944513724879504,2.3606460857751435,0.16944513724879506
90.31913846196677,77.15430861723448,-11.637578745814931,0.04810840672938707,0.25,0.2,0.673313050470403,2.3904672224217203,0.1673313050470403
90.55919350365404,77.35470941883767,-11.505419971016295,0.04538851238409842,0.25,0.2,0.6529138428807382,2.4199688430394555,0.16529138428807383
90.801007106792,77.55511022044088,-11.37009319103778,0.042765217148470855,0.25,0.2,0.6332391286135315,2.449120848210163,0.16332391286135317
91.04454071793413,77.75551102204409,-11.231716392141742,0.0402360405464475,0.25,0.2,0.6142703040983564,2.477899760557252,0.16142703040983564
91.28975120140498,77.9559118236473,-11.09040928007444,0.03779807428892552,0.25,0.2,0.5959855571669415,2.5062883445514768,0.15959855571669415
91.536591101205,78.15631262525051,-10.94629316421615,0.035448072908677394,0.25,0.2,0.5783605468150805,2.53427520604938,0.15783605468150808
91.78500890164639,78.35671342685372,-10.799490840348554,0.03318253261517313,0.25,0.2,0.5613689946137985,2.5618543815066546,0.15613689946137987
92.03494928607661,78.55711422845691,-10.650126472154795,0.030997759263793015,0.25,0.2,0.5449831944784477,2.5890249255107993,0.15449831944784478
92.28635339316706,78.75751503006012,-10.498325471569373,0.028889926401728508,0.25,0.2,0.5291744480129639,2.6157905039530776,0.1529174448012964
92.53915907034784,78.95791583166333,-10.344214378095801,0.02685512437323241,0.25,0.2,0.5139134327992431,2.6421589988827527,0.15139134327992432
92.79330112405843,79.15831663326654,-10.187920737210998,0.024889401453468633,0.25,0.2,0.4991705109010148,2.6681421298741825,0.14991705109010148
93.04871156655805,79.35871743486975,-10.029572977976308,0.022988797944168242,0.25,0.2,0.48491598458126184,2.6937550955975316,0.14849159845812618
93.30531985910156,79.55911823647295,-9.869300289975886,0.021149374109886196,0.25,0.2,0.4711203058241465,2.71901623828048,0.14711203058241465
93.56305315133788,79.75951903807615,-9.707232499703515,0.019367232771457996,0.25,0.2,0.457754245785935,2.7439467328345435,0.1457754245785935
93.82183651682962,79.95991983967936,-9.543499946519912,0.017638537304517858,0.25,0.2,0.44478902978388396,2.768570301643509,0.1444789029783884
94.0815931846252,80.16032064128257,-9.378233358302392,0.015959525720572,0.25,0.2,0.43219644290429,2.7929129553544843,0.143219644290429
94.34224476684139,80.36072144288578,-9.211563726909663,0.01432652144147593,0.25,0.2,0.4199489108110695,2.8170027594268974,0.14199489108110694
94.60371148223324,80.56112224448898,-9.043622183584036,0.01273594131073993,0.25,0.2,0.40801955983054944,2.8408696257610138,0.14080195598305495
94.86591237574333,80.7615230460922,-8.874539874413959,0.011184301324328802,0.25,0.2,0.396382259932466,2.8645451283472005,0.1396382259932466
95.12876553403156,80.96192384769539,-8.70444783597921,0.009668220507709805,0.25,0.2,0.38501165380782354,2.8880623415714726,0.13850116538078236
95.39218829699281,81.1623246492986,-8.533476871301186,0.00818442331396215,0.25,0.2,0.3738831748547161,2.9114556995888585,0.13738831748547162
95.65609746527252,81.3627254509018,-8.361757426220326,0.006729740872147787,0.25,0.2,0.3629730565411084,2.934760874988255,0.13629730565411086
95.9204095037897,81.56312625250501,-8.189419466322057,0.005301111373933961,0.25,0.2,0.35225833530450473,2.9580146748359812,0.13522583353045048
96.18504074127459,81.76352705410822,-8.016592354532337,0.0038955798510879446,0.25,0.2,0.3417168488831596,2.981254952063534,0.13417168488831596
96.44990756582322,81.96392785571143,-7.843404729503094,0.0025102975655537495,0.25,0.2,0.3313272317416531,3.0045205300631967,0.13313272317416533
96.71492661646495,82.16432865731463,-7.669984384906964,0.0011425212054847447,0.25,0.2,0.3210689090411356,3.027851138290204,0.13210689090411357
96.98001497073118,82.36472945891784,-7.496458149759747,0.0002103879415538194,0.25,0.2,0.31407790956165366,3.043959548284552,0.13140779095616537
97.24509032820384,82.56513026052104,-7.3229517698884266,0.001550964686316085,0.25,0.2,0.32413223514737066,3.020846327749748,0.13241322351473706
97.51007119001277,82.76553106212425,-7.149589790660588,0.0028816403731639958,0.25,0.2,0.33411230279873,2.998248342068889,0.133411230279873
97.77487703423878,82.96593186372746,-6.9764954410906395,0.004204742933056126,0.25,0.2,0.34403557199792095,2.9761117066670817,0.1344035571997921
98.03942848716778,83.16633266533066,-6.803790519436265,0.005522496446122009,0.25,0.2,0.35391872334591506,2.954387092095803,0.13539187233459152
98.30364749032778,83.36673346693387,-6.63159528039739,0.006837020116966768,0.25,0.2,0.3637776508772507,2.933029440266159,0.1363777650877251
98.56745746322689,83.56713426853707,-6.460028324028094,0.008150326575597631,0.25,0.2,0.3736274493169822,2.9119977196065396,0.13736274493169823
98.83078346169617,83.76753507014028,-6.289206486470254,0.009464319424478826,0.25,0.2,0.38348239568359116,2.8912547152604455,0.13834823956835912
99.09355233172545,83.96793587174349,-6.119244732615886,0.01078078996041812,0.25,0.2,0.3933559247031359,2.8707668507974566,0.1393355924703136
99.35569285866467,84.1683366733467,-5.950256050803274,0.012101413007650795,0.25,0.2,0.403260597557381,2.8505040382112172,0.1403260597557381
99.61713591164686,84.3687374749499,-5.782351349649791,0.013427741806802666,0.25,0.2,0.41320806355102,2.8304395532169924,0.141320806355102
99.87781458307153,84.5691382765531,-5.615639357122182,0.014761201913868736,0.25,0.2,0.42320901435401553,2.8105499330437924,0.14232090143540155
100.13766432296981,84.76953907815631,-5.450226521943057,0.01610308407126249,0.25,0.2,0.43327313053446864,2.7908148940937707,0.14332731305344687
100.39662306805447,84.96993987975952,-5.28621691742975,0.017454536025377818,0.25,0.2,0.4434090201903336,2.771217266934181,0.14434090201903335
100.65463136523961,85.17034068136273,-5.1237121478592265,0.018816553279440238,0.25,0.2,0.4536241495958018,2.751742946147565,0.1453624149595802
100.91163248939576,85.37074148296594,-4.962811257450529,0.0201899687832647,0.25,0.2,0.4639247658744852,2.732380852653021,0.14639247658744853
101.16757255508705,85.57114228456913,-4.803610642053297,0.021575441580240766,0.25,0.2,0.47431581185180577,2.7131229061267566,0.1474315811851806
101.42240062201846,85.77154308617234,-4.6462039636282935,0.022973444453867512,0.25,0.2,0.4848008334040063,2.693964005145208,0.14848008334040064
101.67606879390145,85.97194388777555,-4.490682067603155,0.024384250638816232,0.25,0.2,0.49538187979112175,2.674902012694395,0.1495381879791122
101.92853231042842,86.17234468937876,-4.337132903183569,0.025807919688860672,0.25,0.2,0.506059397666455,2.6559377446850707,0.1506059397666455
102.1797496320278,86.37274549098197,-4.185641446697228,0.027244282625037707,0.25,0.2,0.5168321196877829,2.6370749591084217,0.1516832119687783
102.42968251705487,86.57314629258518,-4.036289628044932,0.02869292652177922,0.25,0.2,0.5276969489133442,2.6183203434720568,0.1527696948913344
102.67829609105755,86.77354709418837,-3.889156260329856,0.03015317872670589,0.25,0.2,0.5386488404502942,2.5996834981719275,0.1538648840450294
102.92555890774202,86.97394789579158,-3.744316972733136,0.03162409094971034,0.25,0.2,0.5496806821228276,2.5811769135049207,0.15496806821228276
103.17144300125139,87.17434869739479,-3.601844146700535,0.03310442350034681,0.25,0.2,0.5607831762526011,2.562815938088142,0.15607831762526014
103.41592392936144,87.374749498998,-3.461806855501576,0.0345926299979756,0.25,0.2,0.571944724984817,2.544618736538993,0.1571944724984817
103.65898080719114,87.57515030060121,-3.324270807219256,0.036086842923766585,0.25,0.2,0.5831513219282494,2.5266062344110436,0.15831513219282495
103.90059633102393,87.77555110220442,-3.1892982912251333,0.037584860428014774,0.25,0.2,0.5943864532101109,2.508802048553829,0.1594386453210111
104.14075679183797,87.97595190380761,-3.056948128190827,0.03908413484895729,0.25,0.2,0.6056310113671797,2.4912324012688556,0.16056310113671798
104.37945207815164,88.17635270541082,-2.9272756236836757,0.0405817634364528,0.25,0.2,0.6168632257733961,2.4739260168940236,0.16168632257733961
104.61667566780375,88.37675350701403,-2.800332525390691,0.04207448180368924,0.25,0.2,0.6280586135276693,2.456913999756323,0.16280586135276695
104.85242460830882,88.57715430861724,-2.67616698401121,0.04355866065184642,0.25,0.2,0.6391899548888482,2.440229692763848,0.16391899548888483
105.0866994854553,88.77755511022045,-2.554823517855062,0.0450303063210956,0.25,0.2,0.650227297408217,2.4239085162887832,0.16502272974082172
105.31950437985002,88.97795591182366,-2.4363429811794997,0.046485065714555525,0.25,0.2,0.6611379928591665,2.407987787405405,0.16611379928591666
105.55084681115717,89.17835671342685,-2.3207625362941147,0.04791823611847462,0.25,0.2,0.6718867708885596,2.3925065199685234,0.16718867708885599
105.78073766983279,89.37875751503006,-2.208115629459505,0.04932478039664676,0.25,0.2,0.6824358529748508,2.3775052064702953,0.16824358529748507
106.00919113621856,89.57915831663327,-2.098431970601554,0.0506993479699751,0.25,0.2,0.6927451097748132,2.3630255830614226,0.16927451097748134
106.23622458693136,89.77955911823648,-1.9917375168593239,0.05203630190220742,0.25,0.2,0.7027722642665557,2.349110379550927,0.17027722642665558
106.46185848856602,89.97995991983969,-1.888054459980801,0.05332975229701792,0.25,0.2,0.7124731422276345,2.3358030566229404,0.17124731422276346
106.68611627882001,90.1803607214429,-1.7874012175770275,0.054573596072270365,0.25,0.2,0.7218019705420278,2.3231475328958937,0.1721801970542028
106.90902423524787,90.38076152304609,-1.6897924282410233,0.05576156301801397,0.25,0.2,0.7307117226351048,2.3111879047712103,0.1730711722635105
107.13061133196076,90.5811623246493,-1.595238950534283,0.05688726786451822,0.25,0.2,0.7391545089838867,2.2999681623095283,0.17391545089838867
107.35090908469961,90.78156312625251,-1.5037478658397907,0.057944267893204636,0.25,0.2,0.7470820091990349,2.2895319045920663,0.1747082009199035
107.56995138482988,90.98196392785572,-1.4153224850764148,0.05892612542438569,0.25,0.2,0.7544459406828927,2.2799220581530473,0.17544459406828927
107.78777432292775,91.18236472945893,-1.3299623592659588,0.05982647431450323,0.25,0.2,0.7611985573587743,2.2711806021455643,0.17611985573587743
108.00441600275114,91.38276553106213,-1.247663293940203,0.060639089403935253,0.25,0.2,0.7672931705295145,2.263348303893193,0.17672931705295147
108.21991634651177,91.58316633266533,-1.1684173673714073,0.06135795768486487,0.25,0.2,0.7726846826364866,2.256464468373959,0.17726846826364867
108.43431689248345,91.78356713426854,-1.0922129526059394,0.061977349812721794,0.25,0.2,0.7773301235954135,2.250566705023984,0.17773301235954136
108.64766058609491,91.98396793587175,-1.019034743277106,0.062491890474958976,0.25,0.2,0.7811891785621924,2.2456907150249314,0.17811891785621925
108.85999156576034,92.18436873747495,-0.9488637831691684,0.06289662606975908,0.25,0.2,0.7842246955231933,2.241870101919573,0.17842246955231933
109.07135494479357,92.38476953907816,-0.881677499501031,0.06318708813429574,0.25,0.2,0.7864031610072182,2.2391362080577046,0.17864031610072184
109.28179659083182,92.58517034068136,-0.8174497398944003,0.06335935100376561,0.25,0.2,0.7876951325282422,2.237517978998473,0.17876951325282422
109.4913629042583,92.78557114228457,-0.7561508129873435,0.06341008228587738,0.25,0.2,0.7880756171440805,2.2370418575411324,0.17880756171440804
109.70010059715845,92.98597194388778,-0.6977475326507543,0.06333658488963073,0.25,0.2,0.7875243866722306,2.237731708626731,0.17875243866722307
109.90805647437155,93.18637274549098,-0.6422032657615593,0.06313682955301891,0.25,0.2,0.7860262216476419,2.2396087759058356,0.1786026221647642
110.11527721820423,93.3867735470942,-0.5894779834829333,0.06280947706713634,0.25,0.2,0.7835710780035225,2.2426916702851467,0.17835710780035227
110.32180917835817,93.5871743486974,-0.5395283159983695,0.06235388967568976,0.25,0.2,0.7801541725676733,2.2469963903353647,0.17801541725676734
110.52769816858702,93.7875751503006,-0.49230761064301287,0.061770131434267427,0.25,0.2,0.7757759857570057,2.2525363740037387,0.17757759857570057
110.73298927154161,93.9879759519038,-0.4477659933721485,0.061058957629187616,0.25,0.2,0.7704421822189071,2.259322580637326,0.17704421822189073
110.93772665318527,94.18837675350701,-0.40585043350363836,0.06022179365994894,0.25,0.2,0.764163452449617,2.267363601964335,0.17641634524496172
111.141953388068,94.38877755511022,-0.36650481166770454,0.059260704080989,0.25,0.2,0.7569552806074176,2.2766658002912363,0.17569552806074176
111.34571129663753,94.58917835671343,-0.3296699908941414,0.05817835275645071,0.25,0.2,0.7488376456733804,2.2872334718411333,0.17488376456733806
111.54904079564184,94.78957915831664,-0.2952838907643791,0.05697795529659373,0.25,0.2,0.739834664724453,2.29906903288049,0.1739834664724453
111.75198076254388,94.98997995991984,-0.26328156455209006,0.05566322511710503,0.25,0.2,0.7299741883782878,2.31217322597725,0.1729974188378288
111.95456841472642,95.19038076152304,-0.2335952792737408,0.05423831457702279,0.25,0.2,0.719287359327671,2.3265453435103507,0.1719287359327671
112.15683920411742,95.39078156312625,-0.20615459856703655,0.05270775271197739,0.25,0.2,0.7078081453398304,2.342183465347072,0.17078081453398306
112.35882672771665,95.59118236472946,-0.18088646831286814,0.05107638108910745,0.25,0.2,0.6955728581683058,2.359084707407455,0.1695572858168306
112.56056265435468,95.79158316633267,-0.15771530491315033,0.04934928926681877,0.25,0.2,0.6826196695011408,2.377245477693667,0.16826196695011408
112.76207666786851,95.99198396793588,-0.13656308613491053,0.04753175125643839,0.25,0.2,0.668988134423288,2.3966617362334834,0.16689881344232882
112.96339642673698,96.19238476953907,-0.1173494444276737,0.04562916426358801,0.25,0.2,0.6547187319769101,2.417329255239141,0.16547187319769102
113.16454754008454,96.39278557114228,-0.09999176261947396,0.04364699083146283,0.25,0.2,0.6398524312359712,2.4392438757340895,0.16398524312359714
113.36555355983604,96.59318637274549,-0.08440527189403069,0.04159070533806161,0.25,0.2,0.6244302900354621,2.4624017568108005,0.16244302900354624
113.56643598868975,96.7935871743487,-0.07050315194937928,0.03946574562492558,0.25,0.2,0.6084930921869419,2.486799613519952,0.1608493092186942
113.76721430347013,96.99398797595191,-0.05819663323609614,0.03727747034091017,0.25,0.2,0.5920810275568262,2.512434939406517,0.15920810275568265
113.96790599332834,97.19438877755512,-0.047395101171675336,0.03503112240604745,0.25,0.2,0.5752334180453559,2.539306209592379,0.15752334180453562
114.16852661217557,97.39478957915831,-0.03800620222451867,0.03273179883725612,0.25,0.2,0.557988491279421,2.5674130601023872,0.15579884912794212
114.36908984466288,97.59519038076152,-0.029935951760486468,0.030384427011834525,0.25,0.2,0.5403832025887589,2.5967564390975073,0.1540383202588759
114.56960758496075,97.79559118236473,-0.023088843542163007,0.02799374730782762,0.25,0.2,0.5224531048087072,2.627338725485795,0.15224531048087073
114.7700900275409,97.99599198396794,-0.01736796076999947,0.02556430194502367,0.25,0.2,0.5042322645876776,2.6591638101157424,0.15042322645876777
114.97054576912208,98.19639278557115,-0.012675088552398073,0.023100429747659464,0.25,0.2,0.485753223107446,2.6922371345316813,0.1485753223107446
115.17098192090873,98.39679358717436,-0.008910827691063439,0.020606266465811977,0.25,0.2,0.4670469984935898,2.7265656820179083,0.146704699849359
115.37140423022647,98.59719438877755,-0.0059747096660478505,0.01808575023741889,0.25,0.2,0.44814312678064167,2.7621579152140687,0.1448143126780642
115.57181721063978,98.79759519038076,-0.00376531270383218,0.015542631725807374,0.25,0.2,0.4290697379435553,2.799023654196217,0.14290697379435555
115.77222427962352,98.99799599198397,-0.0021803788111901534,0.012980488431124319,0.25,0.2,0.40985366323343236,2.8371738885482554,0.14098536632334324
115.9726279028519,99.19839679358718,-0.0011169316558446996,0.010402742662764359,0.25,0.2,0.3905205699707327,2.8766205163611427,0.1390520569970733
116.17302974416219,99.39879759519039,-0.00047139517476690873,0.007812682645989858,0.25,0.2,0.37109511984492394,2.917376002660133,0.1371095119844924
116.37343082024816,99.5991983967936,-0.00013971278983881952,0.005213486230965637,0.25,0.2,0.3516011467322423,2.959452949319239,0.13516011467322425
116.57383165913664,99.79959919839679,-1.7467110224628213e-05,0.0026082466788432297,0.25,0.2,0.3320618500913242,3.0028635680285913,0.13320618500913242
116.77423246150107,100.0,7.105427357601002e-15,0.001304498412874602,0.25,0.2,0.3222837380965595,3.025069343859616,0.13222837380965596
