difficulty,seed,strategy,mean_combined_risk,peak_combined_risk,mean_resistance,peak_resistance,mean_push_force,peak_push_force,minimum_velocity,mean_velocity,mean_buckling_risk,peak_buckling_risk,mean_kickback,peak_kickback
easy,1000,Fixed Flexible,0.5476684398245161,0.5708859292265687,0.38383445518838577,0.4656686018972812,0.1544655819963191,0.16360002654723246,2.111399308606568,2.2375505086161085,0.5476684398245161,0.5708859292265687,0.38327823219788626,0.41766291727375704
easy,1000,Balanced V2,0.3782209430829896,0.46257785141255403,0.3136800655220306,0.4605951550537253,0.14663484863888518,0.16303372115103493,2.1187333546772207,2.3604821535488454,0.3782209430829896,0.46257785141255403,0.3528770083880661,0.41556161233512223
easy,1000,Rate-Limited AI,0.36580532520113207,0.4330440587219482,0.3136707124306611,0.4605951550537253,0.1466338046334433,0.16303372115103493,2.1187333546772207,2.360725336419682,0.36551077257453557,0.4330440587219482,0.35285878066039333,0.41556161233512223
easy,1001,Fixed Flexible,0.4648714045190092,0.4867569368203687,0.27910504417236814,0.3435224324978746,0.1396471402153432,0.14667995124269614,2.8150437886082997,2.957997513540363,0.4648714045190092,0.4867569368203687,0.3001647250876827,0.3297494572227042
easy,1001,Balanced V2,0.28651512177205357,0.376153080171195,0.19671244053685244,0.31217555128531804,0.1306518731534102,0.14325763472854622,2.882293055037027,3.164998580180877,0.28651512177205357,0.376153080171195,0.26081476337052467,0.3154975851731781
easy,1001,Rate-Limited AI,0.273739553084896,0.3451649787238432,0.19569803174102712,0.31217555128531804,0.13054112440138887,0.14325763472854622,2.882293055037027,3.1678889080033037,0.273739553084896,0.3451649787238432,0.26030893133965843,0.3154975851731781
easy,1002,Fixed Flexible,0.45598913224371074,0.4689055325735766,0.2813472038991597,0.3223376506970737,0.12273822804379561,0.12666463830277128,2.7140645923442115,2.8018495826440017,0.45598913224371074,0.4689055325735766,0.2877711324921637,0.3056662362541698
easy,1002,Balanced V2,0.2841231147355366,0.3773602641714807,0.21054939152560465,0.28260517313284933,0.11595661724099005,0.12285872693293888,2.7981407467072676,2.9684080943137157,0.2841231147355366,0.3773602641714807,0.2559294606103603,0.2883837445396296
easy,1002,Rate-Limited AI,0.27089488963918984,0.3482936070443925,0.21104826387489525,0.28474446919625684,0.1160044034366329,0.12306364672929437,2.793481414343661,2.967458837443665,0.27089488963918984,0.3482936070443925,0.2561398067533882,0.28932255601859197
easy,1003,Fixed Flexible,0.4366525779260027,0.4413511676414658,0.37556033227356445,0.3879768180685946,0.15750194855067204,0.1589236387964475,3.5205373419481623,3.5525716587606873,0.4366525779260027,0.4413511676414658,0.3036899275428936,0.3097605443521739
easy,1003,Balanced V2,0.28155448295887686,0.3479055925569532,0.2946910249248463,0.3246765106706906,0.14824239578040999,0.1516757402309605,3.688767920626037,3.7750947971238444,0.28155448295887686,0.3479055925569532,0.2632840322488212,0.27850471463619086
easy,1003,Rate-Limited AI,0.26180274138724097,0.3165355365426507,0.28953171252645027,0.3126702081888924,0.1476516534211956,0.15030101606117693,3.7225071364350826,3.790411537205701,0.250520361722762,0.3165355365426507,0.2606361998450333,0.2724619451540994
easy,1004,Fixed Flexible,0.5580146481347341,0.5719296257819941,0.5184074043961882,0.5654289669322737,0.17729995584038943,0.18279052506249444,2.391897992015221,2.467260491266116,0.5580146481347341,0.5719296257819941,0.42291745618571996,0.4431771447955225
easy,1004,Balanced V2,0.4019789866087134,0.4725670084375595,0.465720908668828,0.5502601698607266,0.17114790907164987,0.18101930935111782,2.4153019444369486,2.55928763850108,0.39350954372668867,0.4725670084375595,0.39974289370626054,0.43669823733314167
easy,1004,Rate-Limited AI,0.4011228606223757,0.4503929608222428,0.4648081558738085,0.5460242362833556,0.1710413296188748,0.1805246918762318,2.4219196017581073,2.5608095455296587,0.38973427092465457,0.4503929608222428,0.39934593684081254,0.4348838554080146
easy,1005,Fixed Flexible,0.4546184922725069,0.4597787107880046,0.29271989533608456,0.3068622375248644,0.14588515265080168,0.14748113470112328,3.1355748816780165,3.170229081088328,0.4546184922725069,0.4597787107880046,0.2976002009835299,0.3043689743968063
easy,1005,Balanced V2,0.30138947893467416,0.3656108775730731,0.21389171104306343,0.2389723201481489,0.1369892876298776,0.13981966759159328,3.307389793265526,3.3769331951066204,0.30138947893467416,0.3656108775730731,0.25902510824487585,0.2715345174022884
easy,1005,Rate-Limited AI,0.2609938358098939,0.3344309830850448,0.20907525646186298,0.2353067525608103,0.13644574435004636,0.13940600343359588,3.317203923075596,3.3906722665543,0.2609938358098939,0.3344309830850448,0.2565988123545775,0.26972810775071154
easy,1006,Fixed Flexible,0.43545508066063393,0.44419556611775585,0.4164949447215689,0.44475755382815524,0.12693782531748404,0.12947055171453686,3.039220984780495,3.100518321097274,0.43545508066063393,0.44419556611775585,0.2983546540143403,0.31050866265719534
easy,1006,Balanced V2,0.27872102903609497,0.3528286932567439,0.34322220505536294,0.3918194023340435,0.12037155957616114,0.12472655043727786,3.1548184111754596,3.271255669254431,0.2756980417084522,0.3528286932567439,0.26610581932450145,0.2876943119596952
easy,1006,Rate-Limited AI,0.2656769663172937,0.3231876222706491,0.34125204587480895,0.39390788970953416,0.12019500566550954,0.12491370821474518,3.1500915576492354,3.276468040062539,0.24931905404854052,0.3231876222706491,0.26519986307819565,0.28860476929908485
easy,1007,Fixed Flexible,0.48565507288957377,0.4952415807463896,0.4768951496450349,0.511704064863074,0.1338032078975806,0.13695681329788809,2.5699143274376524,2.6314194777965754,0.48565507288957377,0.4952415807463896,0.3473972110223692,0.3615376502833688
easy,1007,Balanced V2,0.3229971846507547,0.40625924990640633,0.41124966610276376,0.47378127185420355,0.12785588233147333,0.13352109793363737,2.6360424096376205,2.7563299251619173,0.31854564132363,0.40625924990640633,0.32017258102066165,0.3461872025503175
easy,1007,Rate-Limited AI,0.3209869389797209,0.3776242148837303,0.4121080820378254,0.4771210391034644,0.1279336527851506,0.13382367294831582,2.630082323852969,2.7549055310384505,0.3055864697476697,0.3776242148837303,0.3205155223802504,0.34754760053338346
easy,1008,Fixed Flexible,0.5863569627317256,0.5904749286853055,0.4916989387256093,0.5066606130215656,0.17255759362710257,0.17428833864951865,2.05039454682727,2.0710837573837475,0.5863569627317256,0.5904749286853055,0.4366813709433009,0.44290039963476113
easy,1008,Balanced V2,0.41207887421843914,0.501227507666681,0.400046352972391,0.42622171526364766,0.1619553539682151,0.1649832823336771,2.1660367892293513,2.2069896884477824,0.41207887421843914,0.501227507666681,0.3980117281998021,0.40918921062254004
easy,1008,Rate-Limited AI,0.3993392130783971,0.4710329535492528,0.3983431096349384,0.4260184737838212,0.16175832522196998,0.1649597716508083,2.16634550088386,2.2097328870270023,0.3980761393477639,0.4710329535492528,0.3972795057095533,0.40910300130800514
easy,1009,Fixed Flexible,0.3930046128121797,0.4015808304649288,0.334735402852426,0.3596650857913232,0.11856124190094004,0.12077568392676465,3.3937533116657987,3.4580233492084607,0.3930046128121797,0.4015808304649288,0.2505338920415658,0.26186605327005535
easy,1009,Balanced V2,0.24575857467037815,0.29490779633674985,0.2680645158245154,0.3088838784213528,0.11263903203988918,0.11626491497724384,3.525421898561439,3.641663444374941,0.24575857467037815,0.29490779633674985,0.2194927010490419,0.23873569669997194
easy,1009,Rate-Limited AI,0.21948426824486764,0.2634649506700494,0.2668194724015528,0.3131495162103617,0.11252843791454299,0.11664382102310407,3.513969910279022,3.6460605993794974,0.20675761477368457,0.2634649506700494,0.21885253742844385,0.24070314064184653
moderate,11000,Fixed Flexible,0.48648730955963837,0.5826782738552547,0.46047768488013907,0.7656480142612225,0.16762205043768283,0.20264708154440486,2.571632398521353,3.1372429450354913,0.48648730955963837,0.5826782738552547,0.3580019780395499,0.49345748631400255
moderate,11000,Balanced V2,0.40270169343461837,0.5651364045201905,0.45765571519164505,0.8151364077643328,0.16729816712857415,0.20832696702142195,2.501518683905203,3.165928907468349,0.40270169343461837,0.5651364045201905,0.355283416279865,0.514073242976579
moderate,11000,Rate-Limited AI,0.37836933067509776,0.5658506303316299,0.45486737276599487,0.8257840864649547,0.16697814329010774,0.20954902317104834,2.486930229877544,3.173538581811855,0.37689039847827294,0.5658506303316299,0.3538931532576185,0.5184777733254183
moderate,11001,Fixed Flexible,0.5929715089610404,0.6983352066856918,0.5906320004963654,1.0469374402864435,0.16995936236358422,0.21871569416475226,1.4946939299121282,1.955896847890345,0.5929715089610404,0.6983352066856918,0.457729530245163,0.6314166069836227
moderate,11001,Balanced V2,0.5249927226734069,0.6935266122125505,0.611621954272009,1.0844178358918148,0.17220214332023304,0.22272048228433988,1.4678174952369831,1.9448301152789023,0.5249927226734069,0.6935266122125505,0.4650848175529809,0.6449951708745427
moderate,11001,Rate-Limited AI,0.5036482068677681,0.7134969244154616,0.6201083205999233,0.9819470527473034,0.1731089133395876,0.21177145764589209,1.5437067113700065,1.93366223857951,0.5035539385770763,0.7134969244154616,0.4684769506465507,0.6077210082980088
moderate,11002,Fixed Flexible,0.6320566241937887,0.7585589903389729,0.730704441122045,1.2856252239973376,0.19625595335837148,0.25918206869841093,1.4230525858160963,1.909919774674742,0.6320566241937887,0.7585589903389729,0.5201778957570151,0.7316197191839093
moderate,11002,Balanced V2,0.5534855252656302,0.7625669185521307,0.7442087970906874,1.3707123444570375,0.19778730105249218,0.26883065660722266,1.3719778752663636,1.9113510756162335,0.5502544322869025,0.7508928113904901,0.5244934986681786,0.7625669185521307
moderate,11002,Rate-Limited AI,0.5423039563627721,0.7709882014873213,0.7286723323543357,1.165494543307787,0.1960255191871411,0.24555966113641678,1.5019963431760126,1.9212491771590416,0.5395080559147719,0.7709882014873213,0.5188069435057568,0.6874996551455844
moderate,11003,Fixed Flexible,0.5607903013566995,0.728048321113956,0.7361418745573616,1.437245523080117,0.1771362396264465,0.24866890968508776,1.6804510667495705,2.433889766645432,0.5607162982537867,0.7220190779061963,0.46288837046746073,0.728048321113956
moderate,11003,Balanced V2,0.49888694919694776,0.7591424655511905,0.7599527765150833,1.5254242031332208,0.17956563419189933,0.25766566278961883,1.6217757927991725,2.4294742525139092,0.4925918484942322,0.7203988351828977,0.47057044069721937,0.7591424655511905
moderate,11003,Rate-Limited AI,0.48075858310776226,0.7254482185134009,0.7332712032900882,1.2676381629739089,0.1768433488662267,0.23136409697222002,1.8061399327568652,2.447969922845735,0.4779687635726338,0.7254482185134009,0.4611154722195427,0.6674383953527566
moderate,11004,Fixed Flexible,0.4949793938786493,0.5498071492789464,0.47461108719549544,0.6510767767374501,0.16413496040602632,0.18377687766644563,2.6597564298245464,2.987053942812028,0.4949793938786493,0.5498071492789464,0.3652126827081617,0.44273949595361384
moderate,11004,Balanced V2,0.3673190448122569,0.48047410038489613,0.45750349363606985,0.7150201519219677,0.16223076056926863,0.19089424131932523,2.5605891966575727,3.0362257895389324,0.36182542417436836,0.48047410038489613,0.3566066802991539,0.4696173568876797
moderate,11004,Rate-Limited AI,0.3621208105068146,0.4895765906675259,0.45794827597900833,0.7039633110790127,0.1622802680854412,0.18966353435548047,2.577204593848082,3.03533713631303,0.35509419135319803,0.4895765906675259,0.3568060680573503,0.46500300479729606
moderate,11005,Fixed Flexible,0.4435831754393274,0.5195721242924032,0.5405803233384479,0.8258200638808576,0.13247011414094442,0.15699706701368035,2.597226267342902,3.0919273533173155,0.4435831754393274,0.5195721242924032,0.3279829158564887,0.4415212921551258
moderate,11005,Balanced V2,0.3228671932915883,0.4912549505534867,0.510463160582766,0.9074975217892458,0.12988042509493541,0.16402027898643862,2.486015198019742,3.1717018981886294,0.30930623403507557,0.4912549505534867,0.3142735845917753,0.47212982175213564
moderate,11005,Rate-Limited AI,0.31702838003689154,0.48234096148057626,0.5168856243534822,0.9350994446091712,0.1304326744621928,0.16639368971424898,2.4505551084537704,3.161589024773331,0.28845869294859056,0.45743468096262707,0.31676590282978334,0.48234096148057626
moderate,11006,Fixed Flexible,0.4989757545947188,0.5554286409253588,0.43221547356110723,0.6173022504001817,0.15652933920541517,0.17675779742912417,2.488553397868268,2.8254860687143024,0.4989757545947188,0.5554286409253588,0.3577506141857701,0.43817036969209733
moderate,11006,Balanced V2,0.3879460301532705,0.4968647822715754,0.43718531123465626,0.7001595858852248,0.15707250147489166,0.18581342083999763,2.367273663029579,2.8362800018585985,0.3875680018038949,0.4968647822715754,0.3586699313164246,0.4723245513772292
moderate,11006,Rate-Limited AI,0.37473660650199503,0.5010036801911992,0.4428669398983402,0.697988988550423,0.15769345662916445,0.18557619245308965,2.3702998298294626,2.826562281962936,0.3743712425004622,0.5010036801911992,0.3610995140317453,0.4714392569027688
moderate,11007,Fixed Flexible,0.4619738890929858,0.6122158542508347,0.6222650747031322,1.2541808103968848,0.1420596115591934,0.1973956385443172,2.154038062570532,3.027873443648823,0.4619738890929858,0.6122158542508347,0.35906711325725454,0.5980484476345529
moderate,11007,Balanced V2,0.3640278158443382,0.6265455986015679,0.6157313939968951,1.3357419484810527,0.14148746576276758,0.2045378397636111,2.078821793078897,3.0647646836663127,0.3528267945295545,0.6033202127904114,0.3548551555706689,0.6265455986015679
moderate,11007,Rate-Limited AI,0.35687292707387613,0.6222128809488626,0.6198498066611338,1.323280219832937,0.1418481097243774,0.2034465826326325,2.0899722831799146,3.05876582029296,0.32680130369020255,0.6077277864511574,0.35643166536322496,0.6222128809488626
moderate,11008,Fixed Flexible,0.5119921253508886,0.6157582344255317,0.5138172811931102,0.8836533844995524,0.1627668733963047,0.20253195399891097,2.191821381786853,2.771775685838297,0.5119921253508886,0.6157582344255317,0.38370454170564033,0.5376931112576246
moderate,11008,Balanced V2,0.45121985591132185,0.6079791270179169,0.5288172392031922,0.9288399557055527,0.16437968116162008,0.20739045112803836,2.1404739941272495,2.76723799129346,0.45107083397731573,0.6079791270179169,0.3887635506202109,0.5552879691195698
moderate,11008,Rate-Limited AI,0.4183577936969495,0.6054591431026785,0.5423656413466921,0.9444021461075532,0.16583641645180996,0.20906371058041773,2.12334252576623,2.7475040762934406,0.4180836152600705,0.6054591431026785,0.3943102044030777,0.5613130818156561
moderate,11009,Fixed Flexible,0.4872349501476515,0.5394374682556116,0.36154749321047935,0.5389108201275723,0.13846298613441335,0.15650000357092403,2.3626194648261394,2.6843698822655186,0.4872349501476515,0.5394374682556116,0.3301150085161234,0.4053123483985902
moderate,11009,Balanced V2,0.34899272509961743,0.4673412536908472,0.332642947811634,0.5970295816552489,0.13552352960517777,0.16241040868839865,2.276639518784965,2.76556073570232,0.34899272509961743,0.4673412536908472,0.31606300935921133,0.4287374184501398
moderate,11009,Rate-Limited AI,0.33097065631168976,0.4573633997614016,0.34257732949670433,0.6226349420917281,0.13653380956997752,0.16501435360017178,2.24071389315578,2.7503858155868692,0.3289488205627856,0.4573633997614016,0.3200969986143807,0.43893563467737856
severe,21000,Fixed Flexible,0.666379829209376,0.9974365526602922,0.846011841852946,2.0275509349285055,0.20887840010783898,0.3425709311258225,1.026337639252685,1.7733975760951415,0.6608322455687937,0.9044566980664867,0.5657192572954378,0.9974365526602922
severe,21000,Balanced V2,0.6075482415219317,1.0,0.8812168241752804,2.219658356956658,0.21286188505446468,0.3643081107323217,0.9650991300235062,1.7681479754376348,0.5921653988884933,0.913797973766039,0.5765701351350396,1.0
severe,21000,Rate-Limited AI,0.5807959136288232,0.8994239333170895,0.7925588040170165,1.7468898018862764,0.20283012632598413,0.31081379549257004,1.1312028160496357,1.8157547208871756,0.5801866303570176,0.8904381475857502,0.5456532890821749,0.8994239333170895
severe,21001,Fixed Flexible,0.5998068963384948,1.0,0.7855653203579053,2.4196207430366803,0.1641898264475973,0.31444771575382846,0.9159301748551086,1.8672431429734297,0.5930359935866213,0.8766197307052825,0.48934932242976986,1.0
severe,21001,Balanced V2,0.542338152619743,1.0,0.8302825037358451,2.67410963721316,0.16830174915036217,0.33784898082729087,0.8524878499498154,1.8607394021937702,0.5241813845085281,0.8883726208991124,0.5014655837924764,1.0
severe,21001,Rate-Limited AI,0.5045460433991572,0.9170431428922285,0.7567057006955826,2.04538740177196,0.1615360697411495,0.28003547294613185,1.0284845282033115,1.8910789796985892,0.5028495155979061,0.8583882343770527,0.4796124877120978,0.9170431428922285
severe,21002,Fixed Flexible,0.5536183893522728,1.0,0.7872648358134348,3.455248407107969,0.17135660915715548,0.42715340485473074,0.9332376842532408,2.4816177943328843,0.5486476564327536,1.0,0.4551155886408866,1.0
severe,21002,Balanced V2,0.5050673290239134,1.0,0.8386616942024888,4.050400134648773,0.17628435752348554,0.4842144401987176,0.8232626317462138,2.460304213062894,0.49396368671961566,1.0,0.4671174103876253,1.0
severe,21002,Rate-Limited AI,0.4787358121396178,1.0,0.7499601032789726,2.869096679567165,0.16777996380246146,0.37095525756824443,1.074619233005962,2.5173828479684977,0.47456061920603837,0.9755778272029709,0.44534490766149193,1.0
severe,21003,Fixed Flexible,0.56723762354287,1.0,0.8054017808411195,2.4273825758585295,0.1772806313246835,0.3365503198719241,1.222206577549421,2.4612344630536347,0.558516159582385,0.8792906842936579,0.4730213911021016,1.0
severe,21003,Balanced V2,0.5140607869183761,1.0,0.8485849181876546,2.7412979969137075,0.1815209804439846,0.3673751061426502,1.1196567425124009,2.4527967610046177,0.4901895073374088,0.8981135098870319,0.48463696297794867,1.0
severe,21003,Rate-Limited AI,0.4773231370365883,0.9252188718935854,0.7666759848726192,2.058934070592315,0.1734779688754152,0.3003706814571447,1.369421318446868,2.5025686524897366,0.4698917014077017,0.8556698765787586,0.4590617150726535,0.9252188718935854
severe,21004,Fixed Flexible,0.6886841518315429,0.9773938840441593,0.9352039452801466,1.9479458395934697,0.2243816006075919,0.34180625127690006,1.1078129000623682,1.7648744546081871,0.6822489526985729,0.8963080396137428,0.6025315044878032,0.9773938840441593
severe,21004,Balanced V2,0.6509784218436241,1.0,0.9941489441287414,2.0764993603244233,0.231216111885702,0.35671168014175125,1.0615222196706233,1.7408588801068359,0.6210879971715879,0.9014823793011556,0.6232236096155078,1.0
severe,21004,Rate-Limited AI,0.6181448078980067,0.8884512681340824,0.8770884150762018,1.6975887981315614,0.21764326394848993,0.3127780375717693,1.2106264794874653,1.8087525608582717,0.6167376695228878,0.8861075664738726,0.58063445618268,0.8884512681340824
severe,21005,Fixed Flexible,0.6611967667459159,0.7903566778300457,0.828553886325804,1.4384894256703353,0.20340373888977964,0.2712514354286646,1.2435646027600813,1.6858082107480794,0.6611967667459159,0.7903566778300457,0.5608389021216336,0.7856814423913564
severe,21005,Balanced V2,0.6069770314388145,0.8595830282340772,0.8693370700283231,1.6480396126999868,0.2079403577507034,0.2945612716033746,1.1451562580200538,1.6652460987782194,0.593388526691177,0.7781135947890939,0.575309916415589,0.8595830282340772
severe,21005,Rate-Limited AI,0.6025731360945998,0.8006872643826707,0.8102831802472932,1.326884357906909,0.20137135146258014,0.25883676817062606,1.3032100730163172,1.7049261237766133,0.6018765994529864,0.8006872643826707,0.5537368090906781,0.7458698239643573
severe,21006,Fixed Flexible,0.5329320185561168,1.0,0.7049473876549162,2.801958452389941,0.16677294198407555,0.3718964004387382,1.138590913028232,2.6354684529110415,0.5292604330157179,0.9337351623616807,0.4285431098075032,1.0
severe,21006,Balanced V2,0.4578276357241346,1.0,0.7369752056000428,3.30054172041399,0.1699058089937643,0.4206663501946513,1.0065883851454296,2.6330188333468625,0.44280818074050204,0.9665619832259769,0.43495986157213,1.0
severe,21006,Rate-Limited AI,0.43587827705608495,1.0,0.7023152960157323,2.3672026552743284,0.16651547851662968,0.3293698662743433,1.2855998847652932,2.648849618912868,0.422746296367297,0.9016698317821612,0.42916338303573554,1.0
severe,21007,Fixed Flexible,0.6082034654888533,1.0,0.9503255407096618,3.153854247904632,0.20531282301474799,0.43728060994308743,1.046626268989615,2.449587002907764,0.5966315577598503,1.0,0.5230827158941939,1.0
severe,21007,Balanced V2,0.5619188714721151,1.0,1.0216493665806043,3.585516757248616,0.2128211572554241,0.4827221767652064,0.9481009891717589,2.431796360348378,0.5321425055938495,1.0,0.5367762569880612,1.0
severe,21007,Rate-Limited AI,0.5217644309132755,1.0,0.8690809271875102,2.6441092366918504,0.19676011701321264,0.3836192159423202,1.193030365181317,2.523330268468139,0.5126179241933214,0.9821021309697283,0.5030244456703264,1.0
severe,21008,Fixed Flexible,0.550138590071483,0.9689657821742598,0.7570558612697386,2.1107726455751004,0.18733940831615695,0.3316743193395035,1.4824297053981979,2.7720166761170915,0.5447344185946305,0.8500198265636624,0.459019611219762,0.9689657821742598
severe,21008,Balanced V2,0.5133757323380629,1.0,0.7849359979970398,2.2724649421064838,0.19031202201239522,0.34891414638722174,1.4091829425595765,2.763183986079015,0.5030957639012797,0.860665354375666,0.46821061835539696,1.0
severe,21008,Rate-Limited AI,0.4712271482750818,0.8580420435599838,0.7124138490777736,1.7941380525123338,0.18257962330622463,0.29791435835912833,1.650420161736197,2.829718100156068,0.4686516639779769,0.8278073803269205,0.44125454007048903,0.8580420435599838
severe,21009,Fixed Flexible,0.6142109921008506,1.0,0.8983584172859805,2.3887074505656787,0.18090787353625587,0.3229336743452019,1.0361446230992963,1.9466419070483163,0.6083793311816135,0.8774155779390809,0.5264714525473156,1.0
severe,21009,Balanced V2,0.5800319187642095,1.0,0.9608103487064912,2.7779460460410994,0.18685935562132447,0.36002694712472744,0.9293915162815841,1.9177435367207913,0.5575307480320301,0.892464171824998,0.54486590293634,1.0
severe,21009,Rate-Limited AI,0.543099615209277,0.9180709574788717,0.8765544514853209,2.0307565667399725,0.17883002087590633,0.28882202681137553,1.1585196391859867,1.9601933585830449,0.5367981089585253,0.8587255673197268,0.5193249719330326,0.9180709574788717
