position,x,y,curvature,optimal_stiffness,optimal_resistance
0.0,0.0,0.0,0.0004350276026843783,0.9,0.20809038643758132
0.32181861784442767,0.20040080160320642,0.2518069528589115,0.0008703238548921287,0.9,0.21418453396848983
0.6435240245928022,0.40080160320641284,0.5034692016129299,0.0017426417331909176,0.9,0.22639698426467286
0.9650031840671001,0.6012024048096193,0.7548421689206603,0.0026189526369758483,0.9,0.2386653369176619
1.2861434098969853,0.8016032064128257,1.0057815308447355,0.0035012654961931442,0.9,0.251017716946704
1.6068325403525103,1.0020040080160322,1.2561433432465334,0.004391604057782346,0.89,0.2634632964031746
1.9269591130908106,1.2024048096192386,1.5057841678124735,0.005292011681839675,0.87,0.27588056004120354
2.246412539787042,1.402805611222445,1.7545611975896553,0.006204556008494831,0.84,0.2882610505138308
2.5650832806188,1.6032064128256514,2.0023323819090875,0.007131333454495899,0.82,0.30061360159934586
2.8828630185718835,1.8036072144288577,2.248956550575345,0.008074473492479438,0.8,0.3129681554022327
3.1996448335334975,2.0040080160320644,2.4942935372022426,0.00903614265859274,0.77,0.3253390117641278
3.5153233761366898,2.2044088176352705,2.7382043015749282,0.010018548225286411,0.75,0.33773185281608015
3.8297950413169217,2.404809619238477,2.9805510509197877,0.011023941465677508,0.72,0.35017208588126564
4.142958141538035,2.6052104208416833,3.2211973599645995,0.012054620423837906,0.7,0.36265544508605485
4.454713079640408,2.80561122244489,3.4600082896726154,0.013112932091463147,0.67,0.3752013054701189
4.764962521258541,3.006012024048096,3.6968505045354974,0.014201273875573087,0.64,0.3878145221815332
5.0736115667486015,3.2064128256513027,3.9315923883115236,0.015322094224160013,0.62,0.40048745531059216
5.3805679225582885,3.4068136272545093,4.1641041580969596,0.016477892256804138,0.59,0.4132290255991651
5.685742071961579,3.6072144288577155,4.394257976620169,0.01767121622531979,0.56,0.4260348919883898
5.989047445069183,3.807615230460922,4.62192806264979,0.01890466060545697,0.53,0.4388980042362068
6.2904005880115825,4.008016032064129,4.846990799410132,0.02018086159459686,0.5,0.4518086159459686
6.589721331175119,4.208416833667335,5.069324840898979,0.021502490762563994,0.45999999999999996,0.4647439113206143
6.886932956352167,4.408817635270541,5.2888112160049845,0.02287224657328858,0.43000000000000005,0.47769189313158383
7.1819623626438895,4.609218436873747,5.505333430324066,0.024292843464859413,0.39,0.4906263068372488
7.4747402309277735,4.809619238476954,5.718777565576472,0.02576699814493703,0.36,0.5035161840464585
7.765201186671722,5.01002004008016,5.929032376528518,0.027297412728688287,0.32,0.5163187843752439
8.053283960841611,5.210420841683367,6.1359893853255425,0.02888675431882677,0.28,0.5289966836868488
8.338931548609146,5.410821643286574,6.339542973145074,0.03053763060340025,0.24000000000000002,0.5414984664651619
8.622091365521472,5.61122244488978,6.539590469081949,0.03225256102917303,0.19,0.553762671101294
8.902715400742501,5.811623246492986,6.736032236179797,0.034033943099151996,0.15000000000000002,0.5657206301444879
9.180760366918083,6.012024048096192,6.928771754526121,0.035884013345730645,0.1,0.5773040800743839
9.456187846152583,6.212424849699399,7.117715701331153,0.03780480254971089,0.1,0.5888288152982654
9.728964431512635,6.412825651302605,7.302774027913564,0.03979808481439638,0.1,0.6007885088863784
9.99906186339496,6.613226452905812,7.483860033519242,0.04186532016921909,0.1,0.6131919210153145
10.266457160008711,6.813627254509019,7.660890435902413,0.04400759047356328,0.1,0.6260455428413797
10.531132741129372,7.014028056112225,7.8337854386016,0.0462255285252446,0.1,0.6393531711514676
10.793076544181,7.214428857715431,8.0024687948462,0.04851924045635748,0.1,0.6531154427381449
11.05228213159724,7.414829659318637,8.166867868032732,0.05088822172674431,0.1,0.6673293303604658
11.308748788300417,7.615230460921844,8.32691368871324,0.05333126730856778,0.1,0.6819876038514067
11.562481608023429,7.81563126252505,8.482541008041766,0.05584637699790292,0.1,0.6970782619874175
11.813491567083402,8.016032064128257,8.63368834762828,0.058430657191734056,0.1,0.7125839431504044
12.061795584101722,8.216432865731463,8.780298045753018,0.06108022093021936,0.1,0.7284813255813162
12.30741656405567,8.41683366733467,8.92231629989779,0.06379008851769166,0.1,0.74474053110615
12.550383424946192,8.617234468937877,9.059693205554407,0.06655409158845686,0.1,0.7613245495307412
12.790731105279628,8.817635270541082,9.192382791274072,0.06936478405600745,0.1,0.7781887043360447
13.028500550493481,9.01803607214429,9.320343049925327,0.07221336394904507,0.1,0.7952801836942704
13.263738676414128,9.218436873747494,9.443535966131783,0.0750896106573431,0.1,0.8125376639440586
13.496498307824265,9.418837675350701,9.561927539864776,0.07798184253986776,0.1,0.8298910552392066
13.726838090246797,9.619238476953909,9.675487806169727,0.08087690013301495,0.1,0.8472614007980898
13.954822373127264,9.819639278557114,9.78419085100893,0.08376016027989071,0.1,0.8645609616793443
14.180521062725244,10.02004008016032,9.888014823207248,0.08661558632109638,0.1,0.8816935179265782
14.40400944321291,10.220440881763528,9.986941942491052,0.08942581898505694,0.1,0.8985549139103418
14.62536796473106,10.420841683366733,10.080958503614578,0.0921723117462957,0.1,0.9150338704777742
14.844681997472568,10.62124248496994,10.170054876571815,0.09483551315270597,0.1,0.931013078916236
15.062041551251488,10.821643286573147,10.254225502895746,0.0973950969540372,0.1,0.9463705817242233
15.277540960471189,11.022044088176353,10.333468888050803,0.09983023882636358,0.1,0.9609814329581815
15.49127853492156,11.22244488977956,10.40778758992806,0.10211993615075403,0.1,0.9747196169045241
15.70335617740506,11.422845691382767,10.477188203456695,0.10424336478221252,0.1,0.9874601886932751
15.913878969801512,11.623246492985972,10.54168134134897,0.10618026419010693,0.1,0.9990815851406417
16.122954729816065,11.823647294589179,10.601281610999827,0.10791133994879695,0.1,1.009468039692782
16.330693541294153,12.024048096192384,10.656007587565998,0.10941867051158928,0.1,1.018512023069536
16.537207261609925,12.224448897795591,10.70588178325328,0.1106861037142613,0.1,1.0261166222855675
16.74260901021672,12.424849699398798,10.750930612844307,0.11169962770811286,0.1,1.032197766248677
16.947012642966335,12.625250501002004,10.791184355502985,0.11244770115229283,0.1,1.0366862069137572
17.150532217235046,12.82565130260521,10.826677112895284,0.11292152856634714,0.1,1.0395291713980828
17.35328145321879,13.026052104208418,10.857446763669781,0.11311526874635085,0.1,1.040691612478105
17.55537319696122,13.226452905811623,10.88353491434491,0.11302616698279844,0.1,1.0401570018967905
17.756918890745478,13.42685370741483,10.90498684665345,0.1126546053015593,0.1,1.0379276318093558
17.958028056408548,13.627254509018037,10.921851461398177,0.11200406883674158,0.1,1.0340244130204495
18.15880779692704,13.827655310621243,10.934181218876162,0.11108103044844846,0.1,1.0284861826906906
18.3593623212832,14.02805611222445,10.942032075932467,0.10989475951859938,0.1,1.0213685571115962
18.55979249716325,14.228456913827655,10.945463419707348,0.10845706422087081,0.1,1.0127423853252249
18.760195435485713,14.428857715430862,10.94453799814437,0.10678197923623597,0.1,1.002691875417416
18.960664110127233,14.629258517034069,10.939321847329879,0.1048854127196743,0.1,0.991312476318046
19.16128701553257,14.829659318637274,10.929884215737642,0.1027847672431188,0.1,0.9787086034587128
19.362147864188987,15.030060120240481,10.916297485455178,0.100498549452269,0.1,0.9649912967136142
19.563325325238143,15.230460921843688,10.898637090471588,0.09804598236979027,0.1,0.9502758942187416
19.76489280481337,15.430861723446894,10.876981432109332,0.09544663279346988,0.1,0.9346797967608192
19.966918268046644,15.6312625250501,10.851411791685376,0.09272006425656826,0.1,0.9183203855394096
20.169464102103316,15.831663326653308,10.82201224048973,0.08988552373259212,0.1,0.9013131423955528
20.372587019086,16.032064128256515,10.788869547172096,0.08696166786820039,0.1,0.8837700072092024
20.576337997208842,16.23246492985972,10.752073082629877,0.08396633218254895,0.1,0.8657979930952938
20.78076225828401,16.432865731462925,10.711714722493202,0.08091634451369564,0.1,0.8474980670821739
20.985899279283146,16.633266533066134,10.667888747305062,0.07782738212155958,0.1,0.8289642927293576
21.19178283553489,16.83366733466934,10.620691740496808,0.07471387032767314,0.1,0.8102832219660389
21.398441072990245,17.034068136272545,10.570222484261489,0.07158891940981917,0.1,0.791533516458915
21.605896606922844,17.234468937875754,10.516581853429521,0.06846429566767773,0.1,0.7727857740060664
21.81416664442361,17.43486973947896,10.4598727074532,0.06535042210299524,0.1,0.7541025326179714
22.02326312808952,17.635270541082164,10.400199780608261,0.06225640397277625,0.1,0.7355384238366576
22.23319289838559,17.835671342685373,10.337669570522642,0.0591900745249452,0.1,0.7171404471496713
22.443957872269454,18.03607214428858,10.272390225144038,0.05615805645668661,0.1,0.6989483387401197
22.65555523580089,18.236472945891784,10.204471428259474,0.05316583499695335,0.1,0.6809950099817201
22.867977648607074,18.43687374749499,10.134024283681477,0.05021783895816828,0.1,0.6633070337490098
23.081213458232597,18.637274549098198,10.061161198216727,0.04731752658854882,0.1,0.645905159531293
23.29524692256519,18.837675350701403,9.985995763534255,0.04446747355475427,0.1,0.6288048413285257
23.510058438690127,19.03807615230461,9.908642637051313,0.04166946086875493,0.1,0.6120167652125296
23.725624776684143,19.238476953907817,9.829217421955974,0.03892456102524598,0.1,0.595547366151476
23.94191931701148,19.438877755511022,9.747836546486322,0.036233221028088826,0.1,0.579399326168533
24.158912290327624,19.639278557114228,9.664617142586902,0.03359534134704756,0.16,0.5628492528905139
24.37657101862955,19.839679358717436,9.579676924063497,0.03101035015724554,0.22,0.5449545211321679
24.59486015681377,20.04008016032064,9.493134064358019,0.028477272476550953,0.29000000000000004,0.5257904525647525
24.813741933814946,20.240480961923847,9.40510707406535,0.02599479403014869,0.35,0.5054557492562639
25.033176392597714,20.440881763527056,9.315714678314496,0.023561319843033324,0.41000000000000003,0.4840280105716033
25.25312162836351,20.64128256513026,9.225075694136255,0.021175027693915608,0.47,0.46157776863098143
25.47353402441245,20.841683366733466,9.133308907939782,0.01883391666330636,0.53,0.43816934163205556
25.694368485168344,21.042084168336675,9.040532953220158,0.016535851079277564,0.59,0.4138607767641254
25.91557866593332,21.24248496993988,8.946866188618907,0.014278600211528835,0.64,0.38869604241142874
26.137117198988257,21.442885771543086,8.852426576458933,0.012059874092235655,0.7,0.3627184891068279
26.35893591569615,21.643286573146295,8.757331561874945,0.009877355853571745,0.75,0.33596694816964684
26.58098606429943,21.8436873747495,8.661697952659713,0.0077287309716780744,0.8099999999999999,0.3084663757289828
26.803218523128912,22.044088176352705,8.56564179994585,0.005611713797054559,0.86,0.280239307639942
27.02558400896256,22.244488977955914,8.469278279841888,0.0035240717331344097,0.9,0.2513370042638817
27.24803328028726,22.44488977955912,8.372721576140478,0.0014636474023076395,0.9,0.22249106363230697
27.470517335226585,22.645290581162325,8.276084764215424,0.0005716208885062716,0.9,0.2100026924390878
27.69298760390314,22.845691382765533,8.179479696223055,0.0025836801016149765,0.9,0.23817152142260967
27.915396135005462,23.04609218436874,8.083016887722136,0.004574344592271762,0.89,0.2660033898325775
28.1376957763278,23.246492985971944,7.986805405825052,0.006545279187459924,0.84,0.292826741111963
28.359840349046134,23.44689378757515,7.890952758991467,0.008497983040910819,0.79,0.3184439812277496
28.58178481548667,23.647294589178358,7.795564788573986,0.010433774121809852,0.74,0.3428987991104422
28.80348544013372,23.847695390781563,7.700745562223605,0.012353774232273886,0.69,0.36622991336405925
29.024899943613093,24.04809619238477,7.606597269260805,0.014258894487490669,0.64,0.38847139715739365
29.245987649375046,24.248496993987978,7.513220118116239,0.016149821231370154,0.6,0.40964803354507173
29.466709622788244,24.448897795591183,7.42071223594283,0.01802700240056533,0.55,0.429783525205936
29.68702880234325,24.649298597194388,7.3291695704988795,0.019890634390161973,0.5,0.4489063439016197
29.906910122651247,24.849699398797597,7.238685794399623,0.021740649514589944,0.45999999999999996,0.4670302353400635
30.12632062891188,25.050100200400802,7.149352211832149,0.023576704198147582,0.41000000000000003,0.48416800820314304
30.3452295825132,25.250501002004007,7.061257667826196,0.025398168069151218,0.37,0.5003440622016155
30.563608557417734,25.450901803607216,6.974488460170793,0.027204114169872222,0.32,0.5155537361929523
30.781431526982008,25.65130260521042,6.8891282540640155,0.028993310530717742,0.28,0.5298278221395984
30.998674940853075,25.851703406813627,6.805257999580384,0.030764213390240276,0.23,0.543158757748754
31.215317791585232,26.052104208416836,6.722955852037639,0.03251496237087816,0.19,0.5555732403590593
31.431341670623958,26.25250501002004,6.64229709534172,0.034243377942730746,0.14,0.5670776188334767
31.64673081331268,26.452905811623246,6.563354068385728,0.03594696152293639,0.1,0.5776817691376184
31.861472132591658,26.653306613226455,6.486196094575709,0.03762289856463817,0.1,0.5877373913878291
32.075555241078234,26.85370741482966,6.41088941455283,0.039268064984834164,0.1,0.597608389909005
32.288972461243745,27.054108216432866,6.337497122178442,0.04087903726374621,0.1,0.6072742235824773
32.501718823435596,27.254509018036075,6.2660791038451364,0.04245210651822969,0.1,0.6167126391093782
32.7137920515334,27.45490981963928,6.196691981173732,0.04398329680638066,0.1,0.625899780838284
32.925192536076395,27.655310621242485,6.1293890571525305,0.04546838786027496,0.1,0.6348103271616499
33.13592329475488,27.855711422845694,6.06422026577197,0.04690294236674486,0.1,0.6434176542004693
33.34598992022262,28.0561122244489,6.001232125204112,0.0482823378251747,0.1,0.6516940269510483
33.555400515258164,28.256513026052104,5.9404676945729324,0.04960180290477985,0.1,0.6596108174286791
33.764165615382,28.45691382765531,5.881966534357883,0.05085645810521537,0.1,0.6671387486312923
33.972298099121936,28.65731462925852,5.8257646704693435,0.052041360398389684,0.1,0.6742481623903381
34.17981308621046,28.857715430861724,5.771894562031148,0.05315155139460908,0.1,0.6809093083676545
34.38672782409446,29.05811623246493,5.7203850729015056,0.0541821084428954,0.1,0.6870926506573725
34.59306156323776,29.258517034068138,5.671261446959938,0.05512819794592524,0.1,0.6927691876755514
34.79883542179954,29.458917835671343,5.624545287184162,0.05598513004921828,0.1,0.6979107802953097
35.00407224037491,29.65931863727455,5.580254538536918,0.05674841376067999,0.1,0.70249048256408
35.208796427585995,29.859719438877757,5.538403474679114,0.057413811473969366,0.1,0.7064828688438162
35.413033797410996,30.060120240480963,5.499002688521649,0.05797739181436943,0.1,0.7098643508862166
35.61681139923302,30.260521042084168,5.462059086624587,0.05843557970133156,0.1,0.7126134782079894
35.82015734167749,30.460921843687377,5.427575887448447,0.058785202532956646,0.1,0.71471121519774
36.023100611385495,30.661322645290582,5.395552623458535,0.059023531446624415,0.1,0.7161411886797465
36.2256708879382,30.861723446893787,5.3659851470793525,0.059148316694101616,0.1,0.7168899001646097
36.427898356202846,31.062124248496996,5.338865640492392,0.05915781628988829,0.1,0.7169468977393297
36.62981351741264,31.2625250501002,5.314182629266625,0.05905081724490223,0.1,0.7163049034694134
36.8314470003201,31.462925851703407,5.291920999807296,0.05882664887556821,0.1,0.7149598932534093
37.03282937377462,31.663326653306616,5.272062020604773,0.058485187878435,0.1,0.71291112727061
37.23399096207096,31.86372745490982,5.2545833672613504,0.058026855072424124,0.1,0.7101611304345448
37.43496166439484,32.06412825651303,5.239459151270261,0.057452603925460775,0.1,0.7067156235527646
37.63577077965589,32.26452905811623,5.226659952517245,0.05676390119366429,0.1,0.7025834071619858
37.836446837947705,32.46492985971944,5.216152855471466,0.05596270019885767,0.1,0.6977762011931461
38.037017439809944,32.66533066132265,5.207901489028714,0.055051407447015484,0.1,0.692308444682093
38.23750910439095,32.86573146292585,5.201866069966362,0.05403284343979677,0.1,0.6861970606387807
38.43794712752149,33.06613226452906,5.198003449965756,0.05291019865005334,0.1,0.6794611919003201
38.63835545061383,33.26653306613227,5.196267166154304,0.051686985714551686,0.1,0.6721219142873102
38.838756541197206,33.46693386773547,5.196607495115921,0.0503669889434905,0.1,0.664201933660943
39.039171285792186,33.66733466933868,5.198971510315067,0.048954212258397876,0.1,0.6557252735503873
39.23961889571521,33.86773547094189,5.203303142876149,0.047452826646369954,0.1,0.6467169598782198
39.44011682629286,34.06813627254509,5.209543245656812,0.0458671181650611,0.1,0.6372027089903667
39.640680709853775,34.2685370741483,5.217629660550214,0.044201437456080246,0.1,0.6272086247364814
39.841324302757734,34.46893787575151,5.22749728894823,0.04246015162418816,0.1,0.616760909745129
40.04205944661688,34.66933867735471,5.239078165294432,0.040647599225519845,0.1,0.6058855953531191
40.242896043764766,34.86973947895792,5.252301533652429,0.038768048987968415,0.1,0.5946082939278106
40.44384204693586,35.07014028056113,5.267093927212295,0.03682566275931326,0.1,0.5829539765558795
40.64490346303262,35.27054108216433,5.283379250654816,0.03482446305332026,0.13,0.5707741172359178
40.846084370778506,35.47094188376754,5.3010788652904335,0.03276830544753298,0.18,0.5573044770432243
41.047386951985196,35.671342685370746,5.320111676886913,0.03066085597526797,0.23,0.5424042486194562
41.24881153609964,35.87174348697395,5.340394226097281,0.02850557355600923,0.29000000000000004,0.526014031092473
41.450356657641734,36.07214428857716,5.361840781396657,0.02630569742497681,0.33999999999999997,0.5080878583698052
41.652019126096,36.27254509018036,5.384363434434453,0.024064239450897116,0.4,0.48857815505807406
41.85379410778042,36.47294589178357,5.40787219770566,0.02178398117644992,0.45999999999999996,0.4674462192939193
42.05567521918125,36.673346693386776,5.432275104442861,0.019467475372936804,0.51,0.44464150126666174
42.257654631214336,36.87374749498998,5.457478310628263,0.017117051872076378,0.5700000000000001,0.42013245503121727
42.459723183850016,37.07414829659319,5.483386199022936,0.014734827420661463,0.63,0.3938835498534745
42.66187051051897,37.274549098196395,5.509901485108467,0.012322719295736848,0.69,0.3658603596192685
42.864085171700424,37.4749498997996,5.536925324834216,0.009882462419190666,0.75,0.33603078023988336
43.0663547970801,37.675350701402806,5.564357424061692,0.007415629715873857,0.8099999999999999,0.30436474927794754
43.268666235653065,37.875751503006015,5.592096149595724,0.004923655469298817,0.88,0.2708264454763237
43.47100571313504,38.07615230460922,5.620038641690622,0.0024078614422448183,0.9,0.23571006019142746
43.67335899603418,38.276553106212425,5.648080927917863,0.00013051446055206857,0.9,0.20382720244772898
43.87571156172267,38.476953907815634,5.676118038280791,0.0026902872019770705,0.9,0.239664020827679
44.07804877383389,38.677354709418836,5.704044121460107,0.005270291500966044,0.87,0.2755829935632348
44.280356062294835,38.877755511022045,5.731752562073232,0.007869346809255573,0.8,0.31030150852032246
44.482619107284464,39.078156312625254,5.759136098829253,0.010486220594579638,0.74,0.34354913537278753
44.6848240263877,39.278557114228455,5.786086943460542,0.013119590162863065,0.67,0.3752792049054978
44.886957564188954,39.478957915831664,5.812496900310997,0.01576800327915502,0.61,0.4054448363986207
45.08900728352056,39.67935871743487,5.838257486460593,0.0184298378857727,0.54,0.43399031401203614
45.29096175754877,39.879759519038075,5.863260052265036,0.021103261263232833,0.47,0.4608816342533585
45.49281076184348,40.08016032064128,5.887395902189096,0.02378618903875711,0.41000000000000003,0.4860743202526897
45.694545465537395,40.28056112224449,5.910556415811701,0.02647624451872132,0.33999999999999997,0.5095204539572591
45.896158620637166,40.480961923847694,5.932633168880915,0.029170718903448974,0.27,0.531194535556557
46.09764474850218,40.6813627254509,5.9535180542966355,0.0318665330308373,0.2,0.5510657312158611
46.299000322458014,40.88176352705411,5.9731034028989844,0.034560201392219415,0.14,0.5691052889102042
46.5002239454618,41.08216432865731,5.991282103940647,0.0372477992638779,0.1,0.5854867955832674
46.70131652168616,41.28256513026052,6.007947725121443,0.039924933893162894,0.1,0.6015496033589773
46.90228142083959,41.48296593186373,6.022994632064119,0.04258672077193457,0.1,0.6175203246316074
47.10312463399484,41.68336673346693,6.0363181071107155,0.04522776610771821,0.1,0.6333665966463093
47.30385491965512,41.88376753507014,6.047814467319551,0.04784215666078856,0.1,0.6490529399647313
47.5044839387532,42.08416833667335,6.057381181543675,0.05042345814528664,0.1,0.6645407488717199
47.70502637725221,42.28456913827655,6.064916986472447,0.05296472338487094,0.1,0.6797883403092256
47.90550005500284,42.48496993987976,6.07032200151908,0.05545851136215495,0.1,0.6947510681729298
48.10592601951031,42.68537074148297,6.073497842437922,0.05789691819066685,0.1,0.7093815091440011
48.30632862328112,42.88577154308617,6.074347733556554,0.060271620870196746,0.1,0.7236297252211805
48.50673558345391,43.08617234468938,6.072776618509284,0.06257393445281546,0.1,0.7374436067168928
48.7071780224754,43.28657314629259,6.068691269359838,0.06479488293864018,0.1,0.7507692976318411
48.90769048866204,43.48697394789579,6.062000394002814,0.06692528384944339,0.1,0.7635517030966604
49.108310955593254,43.687374749499,6.052614741735109,0.06895584599329123,0.1,0.7757350759597474
49.30908079941301,43.88777555110221,6.040447206890262,0.07087727944666161,0.1,0.7872636766799698
49.51004475327506,44.08817635270541,6.025412930430719,0.07268041626063342,0.1,0.7980824975638006
49.711250838351354,44.28857715430862,6.007429399394816,0.07435633986126962,0.1,0.8081380391676177
49.91275027103282,44.48897795591183,5.9864165440975725,0.07589652059555653,0.1,0.8173791235733392
50.11459734618449,44.68937875751503,5.962296832986581,0.07729295439594389,0.1,0.8257577263756634
50.31684929656903,44.88977955911824,5.934995365056421,0.07853830113148977,0.1,0.8332298067889387
50.51956612882036,45.09018036072145,5.904439959727675,0.07962601891960193,0.1,0.8397561135176116
50.722810436627135,45.29058116232465,5.870561244098958,0.08055049051005099,0.1,0.845302943060306
50.92664719206783,45.49098196392786,5.83329273748301,0.08130713784771154,0.1,0.8498428270862693
51.131143516318694,45.69138276553107,5.79257093314057,0.08189252109162164,0.1,0.8533551265497298
51.33636843122644,45.89178356713427,5.748335377128621,0.08230441871434735,0.1,0.8558265122860841
51.542392593491165,46.09218436873748,5.7005287441822095,0.08254188582083233,0.1,0.857251314924994
51.74928801343503,46.29258517034068,5.649096910552249,0.0826052884969175,0.1,0.857631730981505
51.95712776053318,46.49298597194389,5.593989023724534,0.08249631278759634,0.1,0.8569778767255781
52.16598565804796,46.6933867735471,5.535157568948337,0.08221794777526427,0.1,0.8553076866515856
52.37593596923258,46.8937875751503,5.472558432506101,0.08177444313843694,0.1,0.8526466588306217
52.58705307765232,47.09418837675351,5.4061509616590335,0.08117124246430102,0.1,0.8490274547858062
52.799411164207626,47.294589178356716,5.3358980212065354,0.08041489441718648,0.1,0.8444893665031189
53.01308388343527,47.49498997995992,5.261766046600897,0.07951294459176392,0.1,0.8390776675505836
53.22814404161065,47.69539078156313,5.183725093562074,0.07847381145907739,0.1,0.8328428687544643
53.44466327907998,47.895791583166336,5.101748884140721,0.07730665022247157,0.1,0.8258399013348295
53.66271175911967,48.09619238476954,5.015814849181288,0.07602120863003514,0.1,0.8181272517802108
53.882357865454956,48.296593186372746,4.925904167140468,0.07462767883346837,0.1,0.8097660730008103
54.10366791037898,48.496993987975955,4.832001799220031,0.07313654924981558,0.1,0.8008192954988935
54.32670585520078,48.69739478957916,4.734096520776401,0.07155846009742305,0.1,0.7913507605845383
54.55153304452433,48.897795591182366,4.632180948973464,0.0699040658685442,0.1,0.7814243952112653
54.778207955626,49.098196392785574,4.526251566648519,0.06818390749236682,0.1,0.7711034449542009
55.00678596396157,49.298597194388776,4.416308742364944,0.06640829637984981,0.1,0.7604497782790989
55.23731912560069,49.498997995991985,4.302356746629364,0.06458721195567249,0.1,0.749523271734035
55.46985597716267,49.699398797595194,4.1844037642543865,0.06273021369683017,0.1,0.7383812821809811
55.70444135361538,49.899799599198396,4.06246190285211,0.06084636815094168,0.1,0.7270782089056501
55.94111622410307,50.100200400801604,3.9365471974473905,0.058944190911850054,0.1,0.7156651454711004
56.179917545791184,50.30060120240481,3.806679611203619,0.05703160310046951,0.1,0.704189618602817
56.42087813555817,50.501002004008015,3.6728830322576402,0.05511590155018785,0.1,0.6926954093011272
56.664026559226905,50.701402805611224,3.5351852666643646,0.053203741624906,0.1,0.681222449749436
56.90938703791174,50.90180360721443,3.39361802745542,0.05130113140380232,0.1,0.6698067884228139
57.15697937096108,51.102204408817634,3.2482169198199866,0.049413435848893836,0.1,0.6584806150933631
57.406818874898406,51.30260521042084,3.0990214224199635,0.04754538951652175,0.1,0.6472723370991306
57.65891633770614,51.50300601202405,2.946074864855277,0.04570111637423859,0.1,0.6362066982454315
57.913277987754995,51.703406813627254,2.7894244012990788,0.043884155332368086,0.1,0.6253049319942086
58.169905476654364,51.90380761523046,2.6291209803262663,0.04209749017960225,0.1,0.6145849410776135
58.42879587528549,52.10420841683367,2.4652193109626674,0.04034358271927322,0.1,0.6040614963156393
58.68994168227712,52.30460921843687,2.2977778249859013,0.038624408026186996,0.1,0.593746448157122
58.95333084419051,52.50501002004008,2.1268586355125425,0.03694149087408147,0.1,0.5836489452444888
59.21894678669569,52.70541082164329,1.952527491910186,0.035295942519199146,0.12000000000000001,0.5737148436190347
59.48676845604311,52.90581162324649,1.7748537310763655,0.03368849715578291,0.16,0.5634640812281673
59.75677037016112,53.1062124248497,1.5939102251299435,0.03211954748320192,0.2,0.5528368323824134
60.02892267874002,53.30661322645291,1.4097733255643936,0.030589178940650556,0.24000000000000002,0.5418799241608141
60.30319123169676,53.50701402805611,1.2225228039155143,0.0290972022689,0.27,0.53062845747053
60.57953765544878,53.70741482965932,1.0322417889998827,0.027643184150492113,0.31,0.5191297916189861
60.857919436460726,53.90781563126253,0.8390167007836462,0.026226475760107705,0.33999999999999997,0.5074223963849047
61.138290011563605,54.10821643286573,0.6429371809445903,0.024846239125146163,0.38,0.49552690430128626
61.42059886458097,54.30861723446894,0.44409602019368366,0.023501471252392284,0.41000000000000003,0.48348338839676985
61.70479162883064,54.50901803607215,0.24258908242562294,0.022191026023266253,0.45000000000000007,0.4713147472210294
61.990810195104096,54.70941883767535,0.03851522577094135,0.020913633897521357,0.48,0.4590336121957093
62.27859282475666,54.90981963927856,-0.16802377937466328,0.019667919492005505,0.51,0.44666598686925557
62.56807426757194,55.11022044088177,-0.37692333526506383,0.018452417123443834,0.54,0.4342251380838159
62.85918588409197,55.31062124248497,-0.5880761045807921,0.01726558441892342,0.5700000000000001,0.4217217532824806
63.15185577213135,55.51102204408818,-0.801372100984322,0.01610581410550685,0.6,0.4091639551605754
63.446008897217645,55.71142284569139,-1.0166987823659523,0.014971444098227312,0.63,0.39655731830996865
63.741567226723944,55.91182364729459,-1.2339411466905692,0.013860766005752558,0.65,0.3838988090661544
64.03844986748038,56.1122244488978,-1.4529818303529964,0.012772032171402258,0.6799999999999999,0.3711899796225467
64.33657320667056,56.31262525050101,-1.6737012089464796,0.011703461366144098,0.71,0.3584318825303436
64.63585105583778,56.51302605210421,-1.895977500347401,0.010653243243662179,0.73,0.3456148918970448
64.93619479784158,56.71342685370742,-2.119686870016255,0.009619541662161028,0.76,0.33272622494322895
65.23751353662097,56.91382765531062,-2.344703538413045,0.008600496971624837,0.78,0.3197663612367979
65.53971424963449,57.11422845691383,-2.5708998904231377,0.007594227358106342,0.8099999999999999,0.30670437839119313
65.84270194286024,57.31462925851704,-2.79814658668748,0.0065988293289507005,0.84,0.2935443130079394
66.14637980825091,57.51503006012024,-3.0263126767294115,0.005612377416980808,0.86,0.280248332870939
66.45064938354963,57.71543086172345,-3.2552657137681407,0.004632923175002188,0.88,0.2668143398150302
66.7554107143832,57.91583166332666,-3.484871871107709,0.0036584935247192724,0.9,0.25321890934606983
67.06056251855807,58.11623246492986,-3.7149960599883425,0.002687088519879924,0.9,0.23961923927831896
67.36600235249388,58.31663326653307,-3.945502048785867,0.001716678578390075,0.9,0.22603350009746107
67.67162677973725,58.517034068136276,-4.176252583443176,0.000745201233450217,0.9,0.21243281726830304
67.97733154150691,58.71743486973948,-4.407109509017084,0.00022944254925775232,0.9,0.20521219568960855
68.283011729228,58.91783567134269,-4.637933892222115,0.0012093924427198674,0.9,0.21893149419807817
68.58856195902094,59.118236472945895,-4.868586144852149,0.002196833174709304,0.9,0.23275566444593027
68.8938765481171,59.3186372745491,-5.098926147960071,0.0031939992452757067,0.9,0.24671598943385992
69.19884969317935,59.519038076152306,-5.328813376674387,0.004203179899909296,0.89,0.2608442006087392
69.50337565051207,59.719438877755515,-5.558107025531467,0.005226724311043208,0.87,0.27498612306129194
69.8073489181512,59.91983967935872,-5.786666134201439,0.006267046915367884,0.84,0.28909842866592966
70.11066441983013,60.120240480961925,-6.014349713485338,0.00732663284885692,0.82,0.30319155360491135
70.41321769082201,60.320641282565134,-6.241016871460816,0.008408043413318592,0.79,0.31728376003180986
70.71490506566475,60.521042084168336,-6.466526939653566,0.00951392149707714,0.76,0.3313954108631719
71.01562386777806,60.721442885771545,-6.690739599111632,0.010646996860876067,0.73,0.34553806138877563
71.31527260098615,60.92184368737475,-6.913515006259728,0.011810091183584318,0.7,0.3597210942030118
71.61375114296209,61.122244488977955,-7.134713918410937,0.013006122743305149,0.67,0.37395163609667026
71.91096094061218,61.322645290581164,-7.35419781881368,0.014238110588132962,0.64,0.38823446070471584
72.20680520741851,61.52304609218437,-7.571829041111776,0.015509178023309195,0.61,0.402571876058732
72.50118912275808,61.723446893787575,-7.78747089309661,0.016822555211961177,0.58,0.41696359628918067
72.79402003321395,61.92384769539078,-8.000987779630702,0.01818158065107947,0.55,0.4314065968363344
73.08520765588918,62.12424849699399,-8.212245324622678,0.019589701243241768,0.51,0.4458759825567419
73.37466428372768,62.324649298597194,-8.421110491935064,0.02105047064004112,0.47,0.4603695652083989
73.66230499283613,62.5250501002004,-8.627451705106843,0.022567545480836657,0.44000000000000006,0.4748549275198646
73.94804785178682,62.72545090180361,-8.831138965774056,0.02414467909284924,0.4,0.4893021118356432
74.23181413286456,62.92585170340681,-9.032043970673097,0.025785712155991798,0.36,0.5036771245415295
74.51352852519707,63.12625250501002,-9.23004022711263,0.027494559767639287,0.31,0.5179259341178782
74.79311934968052,63.32665330661323,-9.425003166801492,0.02927519426903331,0.27,0.5319989958715565
75.07051877557609,63.52705410821643,-9.616810257921667,0.03113162311854846,0.22,0.545827686453549
75.345663038611,63.72745490981964,-9.805341115337134,0.0330678610207854,0.17,0.5593346688392622
75.61849266036499,63.92785571142285,-9.990477608831046,0.03508789544369789,0.12000000000000001,0.572424951750927
75.88895266866197,64.12825651302606,-10.172103969265844,0.037195644586354014,0.1,0.5851738675181242
76.15699281861247,64.32865731462925,-10.35010689256285,0.0393949068014936,0.1,0.5983694408089617
76.42256781386702,64.52905811623246,-10.524375641399942,0.04168930043545726,0.1,0.6121358026127436
76.68563752753954,64.72945891783567,-10.694802144528214,0.044082193035285114,0.1,0.6264931582117107
76.94616722214442,64.92985971943888,-10.861281093610993,0.046576618896777534,0.1,0.6414597133806652
77.20412776775771,65.13026052104209,-11.023710037490762,0.049175184002100684,0.1,0.6570511040126041
77.45949585746177,65.3306613226453,-11.181989473792175,0.051879957538605734,0.1,0.6732797452316345
77.71225421896315,65.53106212424849,-11.336022937772114,0.054692349416950746,0.1,0.6901540965017045
77.96239182108344,65.7314629258517,-11.48571708833012,0.05761297353595525,0.1,0.7076778412157315
78.20990407361398,65.93186372745491,-11.630981791095557,0.06064149699763969,0.1,0.7258489819858381
78.45479301879757,66.13226452905812,-11.77173019851079,0.06377647607297159,0.1,0.7446588564378296
78.69706751245513,66.33266533066133,-11.907878826832265,0.06701518047770574,0.1,0.7640910828662345
78.93674339251601,66.53306613226454,-12.039347629974857,0.0703534084508372,0.1,0.7841204507050232
79.17384363244133,66.73346693386773,-12.166060070127523,0.07378529623540822,0.1,0.8047117774124494
79.40839847675659,66.93386773547094,-12.287943185071901,0.07730312683644992,0.1,0.8258187610186996
79.64044555563929,67.13426853707415,-12.404927652138202,0.08089714434234016,0.1,0.847382866054041
79.87002997525256,67.33466933867736,-12.516947848736656,0.08455538159597241,0.1,0.8693322895758345
80.09720438028457,67.53507014028057,-12.623941909405639,0.08826351050875592,0.1,0.8915810630525355
80.32202898496436,67.73547094188378,-12.725851779321259,0.09200472571249856,0.1,0.9140283542749913
80.54457156869174,67.93587174348697,-12.822623264216613,0.0957596734025266,0.1,0.9365580404151596
80.76490743236063,68.13627254509018,-12.914206076662554,0.0995064379624494,0.1,0.9590386277746964
80.98311931149162,68.33667334669339,-13.00055387866508,0.1032205990841321,0.1,0.9813235945047926
81.19929724243917,68.5370741482966,-13.08162432053853,0.10687537140725928,0.1,1.0032522284435554
81.41353837822035,68.7374749498998,-13.157379076016973,0.11044183701467254,0.1,1.0246510220880354
81.62594675094074,68.93787575150301,-13.227783873570242,0.11388927829217135,0.1,1.0453356697530283
81.83663297838098,69.13827655310621,-13.292808523894546,0.11718561463033404,0.1,1.0651136877820044
82.04571391305844,69.33867735470942,-13.352426943551492,0.12029794126033634,0.1,1.0837876475620183
82.25331223299075,69.53907815631263,-13.406617174733048,0.12319316236074623,0.1,1.1011589741644774
82.45955597444883,69.73947895791584,-13.455361401133898,0.12583870378742193,0.1,1.1170322227245317
82.66457800817251,69.93987975951904,-13.498645959916294,0.12820328386138868,0.1,1.1312197031683322
82.8685154617998,70.14028056112225,-13.536461349756568,0.13025771421434224,0.1,1.1435462852860532
83.07150909258496,70.34068136272545,-13.568802234966089,0.13197569742466714,0.1,1.1538541845480026
83.27370261579998,70.54108216432866,-13.595667445683532,0.1333345847563801,0.1,1.1620075085382804
83.47524199546788,70.74148296593187,-13.617059974138934,0.13431605630938653,0.1,1.1678963378563192
83.67627470520593,70.94188376753507,-13.63298696699419,0.13490668767599798,0.1,1.171440126055988
83.87694896790097,71.14228456913828,-13.643459713768179,0.1350983718666552,0.1,1.1725902311999312
84.07741298364823,71.34268537074149,-13.648493631358745,0.1348885725945969,0.1,1.1713314355675815
84.2778141558157,71.54308617234469,-13.648108244677612,0.1342803944472316,0.1,1.1676823666833895
84.47829832522501,71.7434869739479,-13.64232716341796,0.13328246620620054,0.1,1.1616947972372031
84.67900902225486,71.9438877755511,-13.631178054978387,0.13190864463408514,0.1,1.153451867804511
84.88008674618672,72.14428857715431,-13.614692613570599,0.13017755640284157,0.1,1.1430653384170495
85.08166828034796,72.34468937875752,-13.59290652554209,0.12811200457102098,0.1,1.130672027426126
85.28388605060852,72.54509018036072,-13.565859430948555,0.12573827241036553,0.1,1.1164296344621931
85.48686753360593,72.74549098196393,-13.533594881414702,0.12308536102166995,0.1,1.1005121661300197
85.69073471976824,72.94589178356713,-13.496160294325644,0.12018419795982942,0.1,1.0831051877589766
85.89560363484063,73.14629258517034,-13.453606903394656,0.11706685222051434,0.1,1.0644011133230862
86.10158392225577,73.34669338677355,-13.405989705656685,0.11376578688174448,0.1,1.044594721290467
86.30877848737724,73.54709418837676,-13.353367404940503,0.1103131750518623,0.1,1.0238790503111739
86.51728320343312,73.74749498997996,-13.295802351875786,0.10674029823418658,0.1,1.0024417894051196
86.72718667787971,73.94789579158316,-13.23336048049492,0.10307703942989922,0.1,0.9804622365793955
86.9385700770141,74.14829659318637,-13.166111241492546,0.09935147682877732,0.1,0.9581088609726639
87.15150700590478,74.34869739478958,-13.094127532209265,0.09558957821159342,0.1,0.9355374692695605
87.36606344013074,74.54909819639279,-13.017485623408952,0.09181499148299194,0.1,0.9128899488979517
87.58229770540827,74.749498997996,-12.93626508292255,0.08804892320109214,0.1,0.8902935392065529
87.80026050092656,74.9498997995992,-12.850548696233975,0.08431009457112383,0.1,0.8678605674267429
88.01999496209372,75.1503006012024,-12.760422384086986,0.08061476303730215,0.1,0.8456885782238129
88.24153675839099,75.35070140280561,-12.66597511719474,0.0769767971837667,0.1,0.8238607831026002
88.46491422212786,75.55110220440882,-12.5672988281365,0.07340779295431393,0.1,0.8024467577258837
88.69014850406063,75.75150300601203,-12.464488320528766,0.06991722003525096,0.1,0.7815033202115058
88.91725375206468,75.95190380761524,-12.357641175560953,0.066512588428499,0.1,0.7610755305709941
89.14623730931758,76.15230460921843,-12.246857655987903,0.0631996266185576,0.1,0.7411977597113456
89.37709992874156,76.35270541082164,-12.132240607674445,0.05998246418230651,0.1,0.7218947850938391
89.60983600075639,76.55310621242485,-12.01389535878931,0.05686381310487102,0.1,0.7031828786292261
89.84443379169834,76.75350701402806,-11.891929616748214,0.05384514338174978,0.1,0.6850708602904988
90.08087569055708,76.95390781563127,-11.766453363007837,0.05092684966506004,0.1,0.6675610979903602
90.31913846196677,77.15430861723448,-11.637578745814931,0.04810840672938707,0.1,0.6506504403763225
90.55919350365404,77.35470941883767,-11.505419971016295,0.04538851238409842,0.1,0.6343310743045905
90.801007106792,77.55511022044088,-11.37009319103778,0.042765217148470855,0.1,0.6185913028908252
91.04454071793413,77.75551102204409,-11.231716392141742,0.0402360405464475,0.1,0.603416243278685
91.28975120140498,77.9559118236473,-11.09040928007444,0.03779807428892552,0.1,0.5887884457335532
91.536591101205,78.15631262525051,-10.94629316421615,0.035448072908677394,0.11,0.5746532447429321
91.78500890164639,78.35671342685372,-10.799490840348554,0.03318253261517313,0.17,0.56010296852166
92.03494928607661,78.55711422845691,-10.650126472154795,0.030997759263793015,0.23,0.544863642625689
92.28635339316706,78.75751503006012,-10.498325471569373,0.028889926401728508,0.28,0.5290214259334823
92.53915907034784,78.95791583166333,-10.344214378095801,0.02685512437323241,0.33,0.512677532297829
92.79330112405843,79.15831663326654,-10.187920737210998,0.024889401453468633,0.38,0.49590673279052394
93.04871156655805,79.35871743486975,-10.029572977976308,0.022988797944168242,0.43000000000000005,0.4787758208807647
93.30531985910156,79.55911823647295,-9.869300289975886,0.021149374109886196,0.47,0.4613289288658961
93.56305315133788,79.75951903807615,-9.707232499703515,0.019367232771457996,0.52,0.4436257742688716
93.82183651682962,79.95991983967936,-9.543499946519912,0.017638537304517858,0.56,0.42568849542788934
94.0815931846252,80.16032064128257,-9.378233358302392,0.015959525720572,0.6,0.40755478292629205
94.34224476684139,80.36072144288578,-9.211563726909663,0.01432652144147593,0.64,0.3892423444328256
94.60371148223324,80.56112224448898,-9.043622183584036,0.01273594131073993,0.6799999999999999,0.37076410746673116
94.86591237574333,80.7615230460922,-8.874539874413959,0.011184301324328802,0.72,0.3521284761568114
95.12876553403156,80.96192384769539,-8.70444783597921,0.009668220507709805,0.76,0.3333395783971435
95.39218829699281,81.1623246492986,-8.533476871301186,0.00818442331396215,0.8,0.31439750308150793
95.65609746527252,81.3627254509018,-8.361757426220326,0.006729740872147787,0.83,0.2952855535995656
95.9204095037897,81.56312625250501,-8.189419466322057,0.005301111373933961,0.87,0.2760052258228953
96.18504074127459,81.76352705410822,-8.016592354532337,0.0038955798510879446,0.9,0.25653811791523123
96.44990756582322,81.96392785571143,-7.843404729503094,0.0025102975655537495,0.9,0.2371441659177525
96.71492661646495,82.16432865731463,-7.669984384906964,0.0011425212054847447,0.9,0.21799529687678643
96.98001497073118,82.36472945891784,-7.496458149759747,0.0002103879415538194,0.9,0.20494543118175348
97.24509032820384,82.56513026052104,-7.3229517698884266,0.001550964686316085,0.9,0.2237135056084252
97.51007119001277,82.76553106212425,-7.149589790660588,0.0028816403731639958,0.9,0.24234296522429594
97.77487703423878,82.96593186372746,-6.9764954410906395,0.004204742933056126,0.89,0.26086592676948017
98.03942848716778,83.16633266533066,-6.803790519436265,0.005522496446122009,0.86,0.2790259516672593
98.30364749032778,83.36673346693387,-6.63159528039739,0.006837020116966768,0.83,0.296712367555658
98.56745746322689,83.56713426853707,-6.460028324028094,0.008150326575597631,0.8,0.31395424548276923
98.83078346169617,83.76753507014028,-6.289206486470254,0.009464319424478826,0.76,0.3307704247484332
99.09355233172545,83.96793587174349,-6.119244732615886,0.01078078996041812,0.73,0.3471837165131429
99.35569285866467,84.1683366733467,-5.950256050803274,0.012101413007650795,0.7,0.3632169560918096
99.61713591164686,84.3687374749499,-5.782351349649791,0.013427741806802666,0.66,0.37888180495891094
99.87781458307153,84.5691382765531,-5.615639357122182,0.014761201913868736,0.63,0.39418158162671674
100.13766432296981,84.76953907815631,-5.450226521943057,0.01610308407126249,0.6,0.40913392478388744
100.39662306805447,84.96993987975952,-5.28621691742975,0.017454536025377818,0.56,0.42373808186900486
100.65463136523961,85.17034068136273,-5.1237121478592265,0.018816553279440238,0.53,0.4379904987782345
100.91163248939576,85.37074148296594,-4.962811257450529,0.0201899687832647,0.5,0.451899687832647
101.16757255508705,85.57114228456913,-4.803610642053297,0.021575441580240766,0.45999999999999996,0.4654442391703114
101.42240062201846,85.77154308617234,-4.6462039636282935,0.022973444453867512,0.43000000000000005,0.47863303342096786
101.67606879390145,85.97194388777555,-4.490682067603155,0.024384250638816232,0.39,0.49143983068546443
101.92853231042842,86.17234468937876,-4.337132903183569,0.025807919688860672,0.35,0.5038673173553158
102.1797496320278,86.37274549098197,-4.185641446697228,0.027244282625037707,0.32,0.5158831175253092
102.42968251705487,86.57314629258518,-4.036289628044932,0.02869292652177922,0.28,0.527484826869878
102.67829609105755,86.77354709418837,-3.889156260329856,0.03015317872670589,0.25,0.5386488404502942
102.92555890774202,86.97394789579158,-3.744316972733136,0.03162409094971034,0.21000000000000002,0.5493510457429435
103.17144300125139,87.17434869739479,-3.601844146700535,0.03310442350034681,0.17,0.5595796374523236
103.41592392936144,87.374749498998,-3.461806855501576,0.0345926299979756,0.14,0.5693128319870439
103.65898080719114,87.57515030060121,-3.324270807219256,0.036086842923766585,0.1,0.5785210575425995
103.90059633102393,87.77555110220442,-3.1892982912251333,0.037584860428014774,0.1,0.5875091625680887
104.14075679183797,87.97595190380761,-3.056948128190827,0.03908413484895729,0.1,0.5965048090937438
104.37945207815164,88.17635270541082,-2.9272756236836757,0.0405817634364528,0.1,0.6054905806187169
104.61667566780375,88.37675350701403,-2.800332525390691,0.04207448180368924,0.1,0.6144468908221354
104.85242460830882,88.57715430861724,-2.67616698401121,0.04355866065184642,0.1,0.6233519639110786
105.0866994854553,88.77755511022045,-2.554823517855062,0.0450303063210956,0.1,0.6321818379265737
105.31950437985002,88.97795591182366,-2.4363429811794997,0.046485065714555525,0.1,0.6409103942873331
105.55084681115717,89.17835671342685,-2.3207625362941147,0.04791823611847462,0.1,0.6495094167108477
105.78073766983279,89.37875751503006,-2.208115629459505,0.04932478039664676,0.1,0.6579486823798806
106.00919113621856,89.57915831663327,-2.098431970601554,0.0506993479699751,0.1,0.6661960878198506
106.23622458693136,89.77955911823648,-1.9917375168593239,0.05203630190220742,0.1,0.6742178114132445
106.46185848856602,89.97995991983969,-1.888054459980801,0.05332975229701792,0.1,0.6819785137821076
106.68611627882001,90.1803607214429,-1.7874012175770275,0.054573596072270365,0.1,0.6894415764336222
106.90902423524787,90.38076152304609,-1.6897924282410233,0.05576156301801397,0.1,0.6965693781080838
107.13061133196076,90.5811623246493,-1.595238950534283,0.05688726786451822,0.1,0.7033236071871093
107.35090908469961,90.78156312625251,-1.5037478658397907,0.057944267893204636,0.1,0.7096656073592279
107.56995138482988,90.98196392785572,-1.4153224850764148,0.05892612542438569,0.1,0.7155567525463141
107.78777432292775,91.18236472945893,-1.3299623592659588,0.05982647431450323,0.1,0.7209588458870194
108.00441600275114,91.38276553106213,-1.247663293940203,0.060639089403935253,0.1,0.7258345364236115
108.21991634651177,91.58316633266533,-1.1684173673714073,0.06135795768486487,0.1,0.7301477461091893
108.43431689248345,91.78356713426854,-1.0922129526059394,0.061977349812721794,0.1,0.7338640988763309
108.64766058609491,91.98396793587175,-1.019034743277106,0.062491890474958976,0.1,0.7369513428497539
108.85999156576034,92.18436873747495,-0.9488637831691684,0.06289662606975908,0.1,0.7393797564185546
109.07135494479357,92.38476953907816,-0.881677499501031,0.06318708813429574,0.1,0.7411225288057744
109.28179659083182,92.58517034068136,-0.8174497398944003,0.06335935100376561,0.1,0.7421561060225937
109.4913629042583,92.78557114228457,-0.7561508129873435,0.06341008228587738,0.1,0.7424604937152643
109.70010059715845,92.98597194388778,-0.6977475326507543,0.06333658488963073,0.1,0.7420195093377845
109.90805647437155,93.18637274549098,-0.6422032657615593,0.06313682955301891,0.1,0.7408209773181135
110.11527721820423,93.3867735470942,-0.5894779834829333,0.06280947706713634,0.1,0.7388568624028181
110.32180917835817,93.5871743486974,-0.5395283159983695,0.06235388967568976,0.1,0.7361233380541385
110.52769816858702,93.7875751503006,-0.49230761064301287,0.061770131434267427,0.1,0.7326207886056045
110.73298927154161,93.9879759519038,-0.4477659933721485,0.061058957629187616,0.1,0.7283537457751258
110.93772665318527,94.18837675350701,-0.40585043350363836,0.06022179365994894,0.1,0.7233307619596937
111.141953388068,94.38877755511022,-0.36650481166770454,0.059260704080989,0.1,0.717564224485934
111.34571129663753,94.58917835671343,-0.3296699908941414,0.05817835275645071,0.1,0.7110701165387043
111.54904079564184,94.78957915831664,-0.2952838907643791,0.05697795529659373,0.1,0.7038677317795624
111.75198076254388,94.98997995991984,-0.26328156455209006,0.05566322511710503,0.1,0.6959793507026303
111.95456841472642,95.19038076152304,-0.2335952792737408,0.05423831457702279,0.1,0.6874298874621368
112.15683920411742,95.39078156312625,-0.20615459856703655,0.05270775271197739,0.1,0.6782465162718644
112.35882672771665,95.59118236472946,-0.18088646831286814,0.05107638108910745,0.1,0.6684582865346448
112.56056265435468,95.79158316633267,-0.15771530491315033,0.04934928926681877,0.1,0.6580957356009127
112.76207666786851,95.99198396793588,-0.13656308613491053,0.04753175125643839,0.1,0.6471905075386304
112.96339642673698,96.19238476953907,-0.1173494444276737,0.04562916426358801,0.1,0.6357749855815281
113.16454754008454,96.39278557114228,-0.09999176261947396,0.04364699083146283,0.1,0.623881944988777
113.36555355983604,96.59318637274549,-0.08440527189403069,0.04159070533806161,0.1,0.6115442320283697
113.56643598868975,96.7935871743487,-0.07050315194937928,0.03946574562492558,0.1,0.5987944737495535
113.76721430347013,96.99398797595191,-0.05819663323609614,0.03727747034091017,0.1,0.585664822045461
113.96790599332834,97.19438877755512,-0.047395101171675336,0.03503112240604745,0.12000000000000001,0.5720729589174942
114.16852661217557,97.39478957915831,-0.03800620222451867,0.03273179883725612,0.18,0.5570562320933417
114.36908984466288,97.59519038076152,-0.029935951760486468,0.030384427011834525,0.24000000000000002,0.5403647598875756
114.56960758496075,97.79559118236473,-0.023088843542163007,0.02799374730782762,0.30000000000000004,0.521949978462621
114.7700900275409,97.99599198396794,-0.01736796076999947,0.02556430194502367,0.36,0.5017729967272035
114.97054576912208,98.19639278557115,-0.012675088552398073,0.023100429747659464,0.42000000000000004,0.47980395367846707
115.17098192090873,98.39679358717436,-0.008910827691063439,0.020606266465811977,0.48,0.45602141136495744
115.37140423022647,98.59719438877755,-0.0059747096660478505,0.01808575023741889,0.55,0.4304003774928984
115.57181721063978,98.79759519038076,-0.00376531270383218,0.015542631725807374,0.61,0.40294321215646184
115.77222427962352,98.99799599198397,-0.0021803788111901534,0.012980488431124319,0.6799999999999999,0.3736497634872669
115.9726279028519,99.19839679358718,-0.0011169316558446996,0.010402742662764359,0.74,0.342514009018278
116.17302974416219,99.39879759519039,-0.00047139517476690873,0.007812682645989858,0.8,0.3095648743978682
116.37343082024816,99.5991983967936,-0.00013971278983881952,0.005213486230965637,0.87,0.2748047613642292
116.57383165913664,99.79959919839679,-1.7467110224628213e-05,0.0026082466788432297,0.9,0.23851545350380524
116.77423246150107,100.0,7.105427357601002e-15,0.001304498412874602,0.9,0.22026297778024445
