position,x,y,curvature,friction,stiffness,next_stiffness,resistance,velocity,push_force,controller_action,controller_reason
0.0,0.0,0.0,0.0004350276026843783,0.2,0.5,0.55,0.2543502760268438,3.188901917150292,0.12543502760268438,INCREASE,Low curvature with reduced advancement velocity
0.32181861784442767,0.20040080160320642,0.2518069528589115,0.0008703238548921287,0.2,0.55,0.6000000000000001,0.24963840047636737,3.2009259626426196,0.12496384004763675,INCREASE,Low-curvature region permits greater support
0.6435240245928022,0.40080160320641284,0.5034692016129299,0.0017426417331909176,0.2,0.6000000000000001,0.6500000000000001,0.2511690590651001,3.197010005177785,0.12511690590651,INCREASE,Low curvature with reduced advancement velocity
0.9650031840671001,0.6012024048096193,0.7548421689206603,0.0026189526369758483,0.2,0.6500000000000001,0.7000000000000002,0.25461795532522224,3.188221548258585,0.1254617955325222,INCREASE,Low curvature with reduced advancement velocity
1.2861434098969853,0.8016032064128257,1.0057815308447355,0.0035012654961931442,0.2,0.7000000000000002,0.7500000000000002,0.2600151859543177,3.1745649136525733,0.1260015185954318,INCREASE,Low curvature with reduced advancement velocity
1.6068325403525103,1.0020040080160322,1.2561433432465334,0.004391604057782346,0.2,0.7500000000000002,0.8000000000000003,0.2673950507222793,3.1560798645382344,0.12673950507222795,INCREASE,Low curvature with reduced advancement velocity
1.9269591130908106,1.2024048096192386,1.5057841678124735,0.005292011681839675,0.2,0.8000000000000003,0.8500000000000003,0.2767961518639158,3.1328415222435058,0.12767961518639157,INCREASE,Low curvature with reduced advancement velocity
2.246412539787042,1.402805611222445,1.7545611975896553,0.006204556008494831,0.2,0.8500000000000003,0.9,0.28826150611468027,3.1049596537769424,0.12882615061146804,INCREASE,Low curvature with reduced advancement velocity
2.5650832806188,1.6032064128256514,2.0023323819090875,0.007131333454495899,0.2,0.9,0.9,0.3018386683629426,3.0725773455707728,0.13018386683629427,INCREASE,Low curvature with reduced advancement velocity
2.8828630185718835,1.8036072144288577,2.248956550575345,0.008074473492479438,0.2,0.9,0.9,0.31504262889471213,3.0417264901609946,0.13150426288947123,INCREASE,Low curvature with reduced advancement velocity
3.1996448335334975,2.0040080160320644,2.4942935372022426,0.00903614265859274,0.2,0.9,0.9,0.3285059972202984,3.010900973250709,0.13285059972202984,INCREASE,Low curvature with reduced advancement velocity
3.5153233761366898,2.2044088176352705,2.7382043015749282,0.010018548225286411,0.2,0.9,0.9,0.3422596751540098,2.9800492960060376,0.134225967515401,INCREASE,Low curvature with reduced advancement velocity
3.8297950413169217,2.404809619238477,2.9805510509197877,0.011023941465677508,0.2,0.9,0.9,0.3563351805194851,2.9491235333643515,0.13563351805194854,INCREASE,Low curvature with reduced advancement velocity
4.142958141538035,2.6052104208416833,3.2211973599645995,0.012054620423837906,0.2,0.9,0.9,0.3707646859337307,2.9180792597347227,0.13707646859337305,INCREASE,Low curvature with reduced advancement velocity
4.454713079640408,2.80561122244489,3.4600082896726154,0.013112932091463147,0.2,0.9,0.9,0.3855810492804841,2.8868755112356315,0.1385581049280484,INCREASE,Low curvature with reduced advancement velocity
4.764962521258541,3.006012024048096,3.6968505045354974,0.014201273875573087,0.2,0.9,0.9,0.4008178342580232,2.8554747820716435,0.14008178342580233,INCREASE,Low curvature with reduced advancement velocity
5.0736115667486015,3.2064128256513027,3.9315923883115236,0.015322094224160013,0.2,0.9,0.9,0.4165093191382402,2.8238430527470686,0.14165093191382402,INCREASE,Low curvature with reduced advancement velocity
5.3805679225582885,3.4068136272545093,4.1641041580969596,0.016477892256804138,0.2,0.9,0.9,0.43269049159525796,2.791949847832186,0.1432690491595258,INCREASE,Low curvature with reduced advancement velocity
5.685742071961579,3.6072144288577155,4.394257976620169,0.01767121622531979,0.2,0.9,0.9,0.44939702715447705,2.7597683209361783,0.14493970271544773,INCREASE,Low curvature with reduced advancement velocity
5.989047445069183,3.807615230460922,4.62192806264979,0.01890466060545697,0.2,0.9,0.9,0.46666524847639757,2.727275364405943,0.14666652484763976,INCREASE,Low curvature with reduced advancement velocity
6.2904005880115825,4.008016032064129,4.846990799410132,0.02018086159459686,0.2,0.9,0.9,0.484532062324356,2.694451741067239,0.1484532062324356,HOLD,Navigation state acceptable
6.589721331175119,4.208416833667335,5.069324840898979,0.021502490762563994,0.2,0.9,0.9,0.5030348706758959,2.661282235056363,0.1503034870675896,HOLD,Navigation state acceptable
6.886932956352167,4.408817635270541,5.2888112160049845,0.02287224657328858,0.2,0.9,0.9,0.5222114520260401,2.6277558184679672,0.15222114520260402,HOLD,Navigation state acceptable
7.1819623626438895,4.609218436873747,5.505333430324066,0.024292843464859413,0.2,0.9,0.9,0.5420998085080317,2.5938658301695567,0.15420998085080317,HOLD,Navigation state acceptable
7.4747402309277735,4.809619238476954,5.718777565576472,0.02576699814493703,0.2,0.9,0.9,0.5627379740291184,2.5596101627242263,0.15627379740291186,HOLD,Navigation state acceptable
7.765201186671722,5.01002004008016,5.929032376528518,0.027297412728688287,0.2,0.9,0.9,0.584163778201636,2.52499145292973,0.1584163778201636,HOLD,Navigation state acceptable
8.053283960841611,5.210420841683367,6.1359893853255425,0.02888675431882677,0.2,0.9,0.9,0.6064145604635747,2.4900172710372415,0.1606414560463575,HOLD,Navigation state acceptable
8.338931548609146,5.410821643286574,6.339542973145074,0.03053763060340025,0.2,0.9,0.9,0.6295268284476034,2.4547003032841554,0.16295268284476036,HOLD,Navigation state acceptable
8.622091365521472,5.61122244488978,6.539590469081949,0.03225256102917303,0.2,0.9,0.9,0.6535358544084224,2.4190585219762655,0.16535358544084225,HOLD,Navigation state acceptable
8.902715400742501,5.811623246492986,6.736032236179797,0.034033943099151996,0.2,0.9,0.9,0.678475203388128,2.383115337018802,0.16784752033881278,HOLD,Navigation state acceptable
9.180760366918083,6.012024048096192,6.928771754526121,0.035884013345730645,0.2,0.9,0.9,0.704376186840229,2.346899722540518,0.1704376186840229,HOLD,Navigation state acceptable
9.456187846152583,6.212424849699399,7.117715701331153,0.03780480254971089,0.2,0.9,0.9,0.7312672356959524,2.310446312115437,0.17312672356959524,HOLD,Navigation state acceptable
9.728964431512635,6.412825651302605,7.302774027913564,0.03979808481439638,0.2,0.9,0.9,0.7591731874015493,2.2737954560962503,0.17591731874015493,HOLD,Navigation state acceptable
9.99906186339496,6.613226452905812,7.483860033519242,0.04186532016921909,0.2,0.9,0.9,0.7881144823690671,2.236993234739877,0.17881144823690673,HOLD,Navigation state acceptable
10.266457160008711,6.813627254509019,7.660890435902413,0.04400759047356328,0.2,0.9,0.9,0.818106266629886,2.2000914211766944,0.1818106266629886,HOLD,Navigation state acceptable
10.531132741129372,7.014028056112225,7.8337854386016,0.0462255285252446,0.2,0.9,0.9,0.8491573993534243,2.163147388858644,0.18491573993534244,HOLD,Navigation state acceptable
10.793076544181,7.214428857715431,8.0024687948462,0.04851924045635748,0.2,0.9,0.9,0.8812693663890045,2.126223958920771,0.18812693663890045,HOLD,Navigation state acceptable
11.05228213159724,7.414829659318637,8.166867868032732,0.05088822172674431,0.2,0.9,0.9,0.9144351041744203,2.0893891839310776,0.19144351041744204,HOLD,Navigation state acceptable
11.308748788300417,7.615230460921844,8.32691368871324,0.05333126730856778,0.2,0.9,0.9,0.9486377423199488,2.052716065756688,0.19486377423199489,HOLD,Navigation state acceptable
11.562481608023429,7.81563126252505,8.482541008041766,0.05584637699790292,0.2,0.9,0.9,0.9838492779706409,2.0162822067267934,0.1983849277970641,HOLD,Navigation state acceptable
11.813491567083402,8.016032064128257,8.63368834762828,0.058430657191734056,0.2,0.9,0.9,1.0200292006842768,1.980169394900339,0.20200292006842768,HOLD,Navigation state acceptable
12.061795584101722,8.216432865731463,8.780298045753018,0.06108022093021936,0.2,0.9,0.85,1.0571230930230708,1.9444631259871523,0.2057123093023071,DECREASE,High curvature and elevated pushing force
12.30741656405567,8.41683366733467,8.92231629989779,0.06379008851769166,0.2,0.85,0.7999999999999999,1.0656661949888373,1.9364212909635266,0.20656661949888375,DECREASE,High curvature and elevated pushing force
12.550383424946192,8.617234468937877,9.059693205554407,0.06655409158845686,0.2,0.7999999999999999,0.7499999999999999,1.073203190649939,1.9293815570224064,0.2073203190649939,DECREASE,High curvature and elevated pushing force
12.790731105279628,8.817635270541082,9.192382791274072,0.06936478405600745,0.2,0.7499999999999999,0.6999999999999998,1.079559800700093,1.9234839982256737,0.20795598007000932,DECREASE,High curvature and elevated pushing force
13.028500550493481,9.01803607214429,9.320343049925327,0.07221336394904507,0.2,0.6999999999999998,0.6499999999999998,1.0845603673885407,1.9188698310574956,0.20845603673885407,DECREASE,High curvature and elevated pushing force
13.263738676414128,9.218436873747494,9.443535966131783,0.0750896106573431,0.2,0.6499999999999998,0.5999999999999998,1.0880305225594455,1.915680808677509,0.20880305225594453,DECREASE,High curvature and elevated pushing force
13.496498307824265,9.418837675350701,9.561927539864776,0.07798184253986776,0.2,0.5999999999999998,0.5499999999999997,1.089800267938545,1.9140585161976964,0.20898002679385452,DECREASE,High curvature and elevated pushing force
13.726838090246797,9.619238476953909,9.675487806169727,0.08087690013301495,0.2,0.5499999999999997,0.4999999999999997,1.089707451396657,1.9141435311084327,0.20897074513966568,DECREASE,High curvature and elevated pushing force
13.954822373127264,9.819639278557114,9.78419085100893,0.08376016027989071,0.2,0.4999999999999997,0.44999999999999973,1.0876016027989068,1.9160744054981975,0.20876016027989072,DECREASE,High curvature and elevated pushing force
14.180521062725244,10.02004008016032,9.888014823207248,0.08661558632109638,0.2,0.44999999999999973,0.39999999999999974,1.0833480700504154,1.9199864187376061,0.20833480700504153,DECREASE,High curvature and elevated pushing force
14.40400944321291,10.220440881763528,9.986941942491052,0.08942581898505694,0.2,0.39999999999999974,0.34999999999999976,1.0768323708655123,1.9260100411151695,0.20768323708655123,DECREASE,High curvature and elevated pushing force
14.62536796473106,10.420841683366733,10.080958503614578,0.0921723117462957,0.2,0.34999999999999976,0.29999999999999977,1.0679646498435131,1.9342690409638712,0.20679646498435134,DECREASE,High curvature and elevated pushing force
14.844681997472568,10.62124248496994,10.170054876571815,0.09483551315270597,0.2,0.29999999999999977,0.24999999999999978,1.0566841052216478,1.9448781608437244,0.2056684105221648,DECREASE,High curvature and elevated pushing force
15.062041551251488,10.821643286573147,10.254225502895746,0.0973950969540372,0.2,0.24999999999999978,0.1999999999999998,1.042963227155279,1.9579402834234045,0.2042963227155279,DECREASE,High curvature and elevated pushing force
15.277540960471189,11.022044088176353,10.333468888050803,0.09983023882636358,0.2,0.1999999999999998,0.1499999999999998,1.0268116717845448,1.9735430063307875,0.2026811671784545,DECREASE,High curvature and elevated pushing force
15.49127853492156,11.22244488977956,10.40778758992806,0.10211993615075403,0.2,0.1499999999999998,0.1,1.0082795849799011,1.991754549474262,0.2008279584979901,DECREASE,High curvature and elevated pushing force
15.70335617740506,11.422845691382767,10.477188203456695,0.10424336478221252,0.2,0.1,0.1,0.9874601886932751,2.0126189308123648,0.19874601886932752,DECREASE,High curvature and elevated pushing force
15.913878969801512,11.623246492985972,10.54168134134897,0.10618026419010693,0.2,0.1,0.1,0.9990815851406417,2.0009188367960418,0.19990815851406418,DECREASE,High curvature and elevated pushing force
16.122954729816065,11.823647294589179,10.601281610999827,0.10791133994879695,0.2,0.1,0.1,1.009468039692782,1.9905765710070915,0.20094680396927822,DECREASE,High curvature and elevated pushing force
16.330693541294153,12.024048096192384,10.656007587565998,0.10941867051158928,0.2,0.1,0.1,1.018512023069536,1.9816577529804507,0.2018512023069536,DECREASE,High curvature and elevated pushing force
16.537207261609925,12.224448897795591,10.70588178325328,0.1106861037142613,0.2,0.1,0.1,1.0261166222855675,1.9742200207053169,0.20261166222855675,DECREASE,High curvature and elevated pushing force
16.74260901021672,12.424849699398798,10.750930612844307,0.11169962770811286,0.2,0.1,0.1,1.032197766248677,1.9683123692158049,0.2032197766248677,DECREASE,High curvature and elevated pushing force
16.947012642966335,12.625250501002004,10.791184355502985,0.11244770115229283,0.2,0.1,0.1,1.0366862069137572,1.9639746105323228,0.20366862069137573,DECREASE,High curvature and elevated pushing force
17.150532217235046,12.82565130260521,10.826677112895284,0.11292152856634714,0.2,0.1,0.1,1.0395291713980828,1.9612369639498848,0.2039529171398083,DECREASE,High curvature and elevated pushing force
17.35328145321879,13.026052104208418,10.857446763669781,0.11311526874635085,0.2,0.1,0.1,1.040691612478105,1.960119782695935,0.2040691612478105,DECREASE,High curvature and elevated pushing force
17.55537319696122,13.226452905811623,10.88353491434491,0.11302616698279844,0.2,0.1,0.1,1.0401570018967905,1.9606334200167386,0.20401570018967907,DECREASE,High curvature and elevated pushing force
17.756918890745478,13.42685370741483,10.90498684665345,0.1126546053015593,0.2,0.1,0.1,1.0379276318093558,1.9627782348918033,0.2037927631809356,DECREASE,High curvature and elevated pushing force
17.958028056408548,13.627254509018037,10.921851461398177,0.11200406883674158,0.2,0.1,0.1,1.0340244130204495,1.9665447348589837,0.20340244130204496,DECREASE,High curvature and elevated pushing force
18.15880779692704,13.827655310621243,10.934181218876162,0.11108103044844846,0.2,0.1,0.1,1.0284861826906906,1.971913850896529,0.20284861826906908,DECREASE,High curvature and elevated pushing force
18.3593623212832,14.02805611222445,10.942032075932467,0.10989475951859938,0.2,0.1,0.1,1.0213685571115962,1.9788573369894202,0.20213685571115964,DECREASE,High curvature and elevated pushing force
18.55979249716325,14.228456913827655,10.945463419707348,0.10845706422087081,0.2,0.1,0.1,1.0127423853252249,1.9873382849011092,0.2012742385325225,DECREASE,High curvature and elevated pushing force
18.760195435485713,14.428857715430862,10.94453799814437,0.10678197923623597,0.2,0.1,0.1,1.002691875417416,1.9973117428093077,0.2002691875417416,DECREASE,High curvature and elevated pushing force
18.960664110127233,14.629258517034069,10.939321847329879,0.1048854127196743,0.2,0.1,0.1,0.991312476318046,2.0087254248494615,0.19913124763180462,DECREASE,High curvature and elevated pushing force
19.16128701553257,14.829659318637274,10.929884215737642,0.1027847672431188,0.2,0.1,0.1,0.9787086034587128,2.02152049726177,0.1978708603458713,DECREASE,High curvature and elevated pushing force
19.362147864188987,15.030060120240481,10.916297485455178,0.100498549452269,0.2,0.1,0.1,0.9649912967136142,2.0356324257974445,0.1964991296713614,DECREASE,High curvature and elevated pushing force
19.563325325238143,15.230460921843688,10.898637090471588,0.09804598236979027,0.2,0.1,0.1,0.9502758942187416,2.050991868308127,0.19502758942187418,DECREASE,High curvature and elevated pushing force
19.76489280481337,15.430861723446894,10.876981432109332,0.09544663279346988,0.2,0.1,0.1,0.9346797967608192,2.0675255960687084,0.19346797967608192,DECREASE,High curvature and elevated pushing force
19.966918268046644,15.6312625250501,10.851411791685376,0.09272006425656826,0.2,0.1,0.1,0.9183203855394096,2.0851574273789755,0.191832038553941,DECREASE,High curvature and elevated pushing force
20.169464102103316,15.831663326653308,10.82201224048973,0.08988552373259212,0.2,0.1,0.1,0.9013131423955528,2.1038091573701605,0.1901313142395553,DECREASE,High curvature and elevated pushing force
20.372587019086,16.032064128256515,10.788869547172096,0.08696166786820039,0.2,0.1,0.1,0.8837700072092024,2.1234014686994533,0.18837700072092023,DECREASE,High curvature and elevated pushing force
20.576337997208842,16.23246492985972,10.752073082629877,0.08396633218254895,0.2,0.1,0.1,0.8657979930952938,2.143854808935741,0.1865797993095294,DECREASE,High curvature and elevated pushing force
20.78076225828401,16.432865731462925,10.711714722493202,0.08091634451369564,0.2,0.1,0.1,0.8474980670821739,2.165090221889843,0.1847498067082174,DECREASE,High curvature and elevated pushing force
20.985899279283146,16.633266533066134,10.667888747305062,0.07782738212155958,0.2,0.1,0.1,0.8289642927293576,2.187030121857006,0.18289642927293578,DECREASE,High curvature and elevated pushing force
21.19178283553489,16.83366733466934,10.620691740496808,0.07471387032767314,0.2,0.1,0.1,0.8102832219660389,2.2095990016721485,0.18102832219660392,DECREASE,High curvature and elevated pushing force
21.398441072990245,17.034068136272545,10.570222484261489,0.07158891940981917,0.2,0.1,0.1,0.791533516458915,2.232724067538667,0.17915335164589152,DECREASE,High curvature and elevated pushing force
21.605896606922844,17.234468937875754,10.516581853429521,0.06846429566767773,0.2,0.1,0.1,0.7727857740060664,2.2563357957013435,0.17727857740060665,DECREASE,High curvature and elevated pushing force
21.81416664442361,17.43486973947896,10.4598727074532,0.06535042210299524,0.2,0.1,0.1,0.7541025326179714,2.280368408128378,0.17541025326179716,DECREASE,High curvature and elevated pushing force
22.02326312808952,17.635270541082164,10.400199780608261,0.06225640397277625,0.2,0.1,0.1,0.7355384238366576,2.3047602663601214,0.17355384238366578,DECREASE,High curvature and elevated pushing force
22.23319289838559,17.835671342685373,10.337669570522642,0.0591900745249452,0.2,0.1,0.1,0.7171404471496713,2.3294541845075694,0.17171404471496712,HOLD,Navigation state acceptable
22.443957872269454,18.03607214428858,10.272390225144038,0.05615805645668661,0.2,0.1,0.1,0.6989483387401197,2.354397664007994,0.16989483387401197,HOLD,Navigation state acceptable
22.65555523580089,18.236472945891784,10.204471428259474,0.05316583499695335,0.2,0.1,0.1,0.6809950099817201,2.379543054112634,0.16809950099817203,HOLD,Navigation state acceptable
22.867977648607074,18.43687374749499,10.134024283681477,0.05021783895816828,0.2,0.1,0.1,0.6633070337490098,2.404847643182391,0.166330703374901,HOLD,Navigation state acceptable
23.081213458232597,18.637274549098198,10.061161198216727,0.04731752658854882,0.2,0.1,0.1,0.645905159531293,2.430273686692304,0.16459051595312932,HOLD,Navigation state acceptable
23.29524692256519,18.837675350701403,9.985995763534255,0.04446747355475427,0.2,0.1,0.1,0.6288048413285257,2.455788378390024,0.16288048413285258,HOLD,Navigation state acceptable
23.510058438690127,19.03807615230461,9.908642637051313,0.04166946086875493,0.2,0.1,0.1,0.6120167652125296,2.48136377134554,0.16120167652125295,HOLD,Navigation state acceptable
23.725624776684143,19.238476953907817,9.829217421955974,0.03892456102524598,0.2,0.1,0.1,0.595547366151476,2.5069766556966337,0.15955473661514763,HOLD,Navigation state acceptable
23.94191931701148,19.438877755511022,9.747836546486322,0.036233221028088826,0.2,0.1,0.1,0.579399326168533,2.5326083997411883,0.15793993261685332,HOLD,Navigation state acceptable
24.158912290327624,19.639278557114228,9.664617142586902,0.03359534134704756,0.2,0.1,0.1,0.5635720480822854,2.5582447607105685,0.15635720480822857,HOLD,Navigation state acceptable
24.37657101862955,19.839679358717436,9.579676924063497,0.03101035015724554,0.2,0.1,0.1,0.5480621009434733,2.583875671113053,0.15480621009434736,HOLD,Navigation state acceptable
24.59486015681377,20.04008016032064,9.493134064358019,0.028477272476550953,0.2,0.1,0.1,0.5328636348593058,2.6094950059710564,0.1532863634859306,HOLD,Navigation state acceptable
24.813741933814946,20.240480961923847,9.40510707406535,0.02599479403014869,0.2,0.1,0.1,0.5179687641808922,2.6351003356504714,0.15179687641808923,HOLD,Navigation state acceptable
25.033176392597714,20.440881763527056,9.315714678314496,0.023561319843033324,0.2,0.1,0.1,0.5033679190582,2.6606926683029393,0.15033679190582003,HOLD,Navigation state acceptable
25.25312162836351,20.64128256513026,9.225075694136255,0.021175027693915608,0.2,0.1,0.1,0.48905016616349367,2.686276185244931,0.14890501661634936,HOLD,Navigation state acceptable
25.47353402441245,20.841683366733466,9.133308907939782,0.01883391666330636,0.2,0.1,0.15000000000000002,0.4750034999798382,2.7118579718995077,0.14750034999798384,INCREASE,Low curvature with reduced advancement velocity
25.694368485168344,21.042084168336675,9.040532953220158,0.016535851079277564,0.2,0.15000000000000002,0.2,0.4519830320153042,2.7548531296871515,0.14519830320153043,INCREASE,Low curvature with reduced advancement velocity
25.91557866593332,21.24248496993988,8.946866188618907,0.014278600211528835,0.2,0.2,0.25,0.42795020148070184,2.801218134814667,0.1427950201480702,INCREASE,Low curvature with reduced advancement velocity
26.137117198988257,21.442885771543086,8.852426576458933,0.012059874092235655,0.2,0.25,0.3,0.4029490556917674,2.851137027229885,0.14029490556917676,INCREASE,Low curvature with reduced advancement velocity
26.35893591569615,21.643286573146295,8.757331561874945,0.009877355853571745,0.2,0.3,0.35,0.37701884682857395,2.904825891971225,0.1377018846828574,INCREASE,Low curvature with reduced advancement velocity
26.58098606429943,21.8436873747495,8.661697952659713,0.0077287309716780744,0.2,0.35,0.39999999999999997,0.35019421325926364,2.9625367674657053,0.13501942132592637,INCREASE,Low curvature with reduced advancement velocity
26.803218523128912,22.044088176352705,8.56564179994585,0.005611713797054559,0.2,0.39999999999999997,0.44999999999999996,0.32250542417349104,3.024562264082832,0.1322505424173491,INCREASE,Low curvature with reduced advancement velocity
27.02558400896256,22.244488977955914,8.469278279841888,0.0035240717331344097,0.2,0.44999999999999996,0.49999999999999994,0.2939786814647769,3.0912410361135327,0.1293978681464777,INCREASE,Low curvature with reduced advancement velocity
27.24803328028726,22.44488977955912,8.372721576140478,0.0014636474023076395,0.2,0.49999999999999994,0.5499999999999999,0.2646364740230764,3.1629642843331514,0.12646364740230764,INCREASE,Low curvature with reduced advancement velocity
27.470517335226585,22.645290581162325,8.276084764215424,0.0005716208885062716,0.2,0.5499999999999999,0.6,0.24650201932931587,3.208979959897868,0.1246502019329316,INCREASE,Low-curvature region permits greater support
27.69298760390314,22.845691382765533,8.179479696223055,0.0025836801016149765,0.2,0.6,0.65,0.2604204811177648,3.1735441147804293,0.1260420481117765,INCREASE,Low curvature with reduced advancement velocity
27.915396135005462,23.04609218436874,8.083016887722136,0.004574344592271762,0.2,0.65,0.7000000000000001,0.2771049628111253,3.132083984072319,0.12771049628111253,INCREASE,Low curvature with reduced advancement velocity
28.1376957763278,23.246492985971944,7.986805405825052,0.006545279187459924,0.2,0.7000000000000001,0.7500000000000001,0.2965433502495191,3.0851263085265925,0.1296543350249519,INCREASE,Low curvature with reduced advancement velocity
28.359840349046134,23.44689378757515,7.890952758991467,0.008497983040910819,0.2,0.7500000000000001,0.8000000000000002,0.31872478801138526,3.0332333450954025,0.13187247880113853,INCREASE,Low curvature with reduced advancement velocity
28.58178481548667,23.647294589178358,7.795564788573986,0.010433774121809852,0.2,0.8000000000000002,0.8500000000000002,0.34363906358352814,2.976989958398405,0.13436390635835282,INCREASE,Low curvature with reduced advancement velocity
28.80348544013372,23.847695390781563,7.700745562223605,0.012353774232273886,0.2,0.8500000000000002,0.9,0.3712759521356975,2.9169912837530543,0.13712759521356974,INCREASE,Low curvature with reduced advancement velocity
29.024899943613093,24.04809619238477,7.606597269260805,0.014258894487490669,0.2,0.9,0.9,0.4016245228248694,2.8538313470274472,0.14016245228248694,INCREASE,Low curvature with reduced advancement velocity
29.245987649375046,24.248496993987978,7.513220118116239,0.016149821231370154,0.2,0.9,0.9,0.4280974972391821,2.800929213679637,0.14280974972391822,INCREASE,Low curvature with reduced advancement velocity
29.466709622788244,24.448897795591183,7.42071223594283,0.01802700240056533,0.2,0.9,0.9,0.4543780336079146,2.750316566647457,0.14543780336079146,INCREASE,Low curvature with reduced advancement velocity
29.68702880234325,24.649298597194388,7.3291695704988795,0.019890634390161973,0.2,0.9,0.9,0.4804688814622676,2.7018467257813463,0.14804688814622677,INCREASE,Low curvature with reduced advancement velocity
29.906910122651247,24.849699398797597,7.238685794399623,0.021740649514589944,0.2,0.9,0.9,0.5063690932042593,2.655391708476597,0.15063690932042595,HOLD,Navigation state acceptable
30.12632062891188,25.050100200400802,7.149352211832149,0.023576704198147582,0.2,0.9,0.9,0.5320738587740661,2.610840187039493,0.15320738587740662,HOLD,Navigation state acceptable
30.3452295825132,25.250501002004007,7.061257667826196,0.025398168069151218,0.2,0.9,0.9,0.557574352968117,2.5680957010993355,0.1557574352968117,HOLD,Navigation state acceptable
30.563608557417734,25.450901803607216,6.974488460170793,0.027204114169872222,0.2,0.9,0.9,0.5828575983782112,2.527075085022419,0.15828575983782112,HOLD,Navigation state acceptable
30.781431526982008,25.65130260521042,6.8891282540640155,0.028993310530717742,0.2,0.9,0.9,0.6079063474300483,2.4877070772145946,0.16079063474300484,HOLD,Navigation state acceptable
30.998674940853075,25.851703406813627,6.805257999580384,0.030764213390240276,0.2,0.9,0.9,0.6326989874633638,2.449931083876388,0.1632698987463364,HOLD,Navigation state acceptable
31.215317791585232,26.052104208416836,6.722955852037639,0.03251496237087816,0.2,0.9,0.9,0.6572094731922943,2.4136960744586937,0.16572094731922943,HOLD,Navigation state acceptable
31.431341670623958,26.25250501002004,6.64229709534172,0.034243377942730746,0.2,0.9,0.9,0.6814072911982304,2.3789595899453118,0.16814072911982306,HOLD,Navigation state acceptable
31.64673081331268,26.452905811623246,6.563354068385728,0.03594696152293639,0.2,0.9,0.9,0.7052574613211093,2.3456868483079916,0.17052574613211094,HOLD,Navigation state acceptable
31.861472132591658,26.653306613226455,6.486196094575709,0.03762289856463817,0.2,0.9,0.9,0.7287205799049343,2.313849934163431,0.17287205799049343,HOLD,Navigation state acceptable
32.075555241078234,26.85370741482966,6.41088941455283,0.039268064984834164,0.2,0.9,0.9,0.7517529097876783,2.28342706191641,0.17517529097876783,HOLD,Navigation state acceptable
32.288972461243745,27.054108216432866,6.337497122178442,0.04087903726374621,0.2,0.9,0.9,0.774306521692447,2.2544019035586613,0.1774306521692447,HOLD,Navigation state acceptable
32.501718823435596,27.254509018036075,6.2660791038451364,0.04245210651822969,0.2,0.9,0.9,0.7963294912552157,2.226762973871198,0.17963294912552158,HOLD,Navigation state acceptable
32.7137920515334,27.45490981963928,6.196691981173732,0.04398329680638066,0.2,0.9,0.9,0.8177661552893292,2.200503067108393,0.18177661552893293,HOLD,Navigation state acceptable
32.925192536076395,27.655310621242485,6.1293890571525305,0.04546838786027496,0.2,0.9,0.9,0.8385574300438494,2.175618740342857,0.18385574300438495,HOLD,Navigation state acceptable
33.13592329475488,27.855711422845694,6.06422026577197,0.04690294236674486,0.2,0.9,0.9,0.858641193134428,2.1521098395835976,0.18586411931344282,HOLD,Navigation state acceptable
33.34598992022262,28.0561122244489,6.001232125204112,0.0482823378251747,0.2,0.9,0.9,0.8779527295524459,2.129979065529131,0.1877952729552446,HOLD,Navigation state acceptable
33.555400515258164,28.256513026052104,5.9404676945729324,0.04960180290477985,0.2,0.9,0.9,0.8964252406669178,2.1092315764545067,0.1896425240666918,HOLD,Navigation state acceptable
33.764165615382,28.45691382765531,5.881966534357883,0.05085645810521537,0.2,0.9,0.9,0.9139904134730152,2.0898746262484322,0.19139904134730154,HOLD,Navigation state acceptable
33.972298099121936,28.65731462925852,5.8257646704693435,0.052041360398389684,0.2,0.9,0.9,0.9305790455774554,2.0719172360039577,0.19305790455774555,HOLD,Navigation state acceptable
34.17981308621046,28.857715430861724,5.771894562031148,0.05315155139460908,0.2,0.9,0.9,0.9461217195245271,2.0553698979205026,0.19461217195245273,HOLD,Navigation state acceptable
34.38672782409446,29.05811623246493,5.7203850729015056,0.0541821084428954,0.2,0.9,0.9,0.9605495182005357,2.0402443105193013,0.19605495182005359,HOLD,Navigation state acceptable
34.59306156323776,29.258517034068138,5.671261446959938,0.05512819794592524,0.2,0.9,0.9,0.9737947712429533,2.026553144368241,0.19737947712429535,HOLD,Navigation state acceptable
34.79883542179954,29.458917835671343,5.624545287184162,0.05598513004921828,0.2,0.9,0.9,0.9857918206890559,2.0143098376807838,0.1985791820689056,HOLD,Navigation state acceptable
35.00407224037491,29.65931863727455,5.580254538536918,0.05674841376067999,0.2,0.9,0.9,0.9964777926495196,2.00352842126614,0.19964777926495197,HOLD,Navigation state acceptable
35.208796427585995,29.859719438877757,5.538403474679114,0.057413811473969366,0.2,0.9,0.9,1.0057933606355711,1.9942233724078784,0.2005793360635571,HOLD,Navigation state acceptable
35.413033797410996,30.060120240480963,5.499002688521649,0.05797739181436943,0.2,0.9,0.9,1.013683485401172,1.986409497321327,0.2013683485401172,HOLD,Navigation state acceptable
35.61681139923302,30.260521042084168,5.462059086624587,0.05843557970133156,0.2,0.9,0.9,1.0200981158186417,1.9801018419241514,0.20200981158186418,HOLD,Navigation state acceptable
35.82015734167749,30.460921843687377,5.427575887448447,0.058785202532956646,0.2,0.9,0.9,1.024992835461393,1.975315630728443,0.20249928354613933,HOLD,Navigation state acceptable
36.023100611385495,30.661322645290582,5.395552623458535,0.059023531446624415,0.2,0.9,0.9,1.0283294402527416,1.9720662337285686,0.2028329440252742,HOLD,Navigation state acceptable
36.2256708879382,30.861723446893787,5.3659851470793525,0.059148316694101616,0.2,0.9,0.9,1.0300764337174224,1.9703691612612368,0.20300764337174224,HOLD,Navigation state acceptable
36.427898356202846,31.062124248496996,5.338865640492392,0.05915781628988829,0.2,0.9,0.9,1.030209428058436,1.970240086918199,0.2030209428058436,HOLD,Navigation state acceptable
36.62981351741264,31.2625250501002,5.314182629266625,0.05905081724490223,0.2,0.9,0.9,1.0287114414286311,1.9716948987004164,0.2028711441428631,HOLD,Navigation state acceptable
36.8314470003201,31.462925851703407,5.291920999807296,0.05882664887556821,0.2,0.9,0.9,1.025573084257955,1.9747497787597001,0.2025573084257955,HOLD,Navigation state acceptable
37.03282937377462,31.663326653306616,5.272062020604773,0.058485187878435,0.2,0.9,0.9,1.0207926302980899,1.979421312225369,0.202079263029809,HOLD,Navigation state acceptable
37.23399096207096,31.86372745490982,5.2545833672613504,0.058026855072424124,0.2,0.9,0.9,1.0143759710139377,1.9857266257929975,0.2014375971013938,HOLD,Navigation state acceptable
37.43496166439484,32.06412825651303,5.239459151270261,0.057452603925460775,0.2,0.9,0.9,1.0063364549564509,1.9936835569719153,0.2006336454956451,HOLD,Navigation state acceptable
37.63577077965589,32.26452905811623,5.226659952517245,0.05676390119366429,0.2,0.9,0.9,0.9966946167113,2.003310855111278,0.19966946167113,HOLD,Navigation state acceptable
37.836446837947705,32.46492985971944,5.216152855471466,0.05596270019885767,0.2,0.9,0.9,0.9854778027840074,2.014628415584027,0.19854778027840075,HOLD,Navigation state acceptable
38.037017439809944,32.66533066132265,5.207901489028714,0.055051407447015484,0.2,0.9,0.9,0.9727197042582167,2.0276575487971225,0.19727197042582167,HOLD,Navigation state acceptable
38.23750910439095,32.86573146292585,5.201866069966362,0.05403284343979677,0.2,0.9,0.9,0.9584598081571547,2.0424212860226456,0.19584598081571547,HOLD,Navigation state acceptable
38.43794712752149,33.06613226452906,5.198003449965756,0.05291019865005334,0.2,0.9,0.9,0.9427427811007467,2.058944724393017,0.1942742781100747,HOLD,Navigation state acceptable
38.63835545061383,33.26653306613227,5.196267166154304,0.051686985714551686,0.2,0.9,0.9,0.9256178000037234,2.07725541381694,0.19256178000037236,HOLD,Navigation state acceptable
38.838756541197206,33.46693386773547,5.196607495115921,0.0503669889434905,0.2,0.9,0.9,0.907137845208867,2.0973837890369826,0.19071378452088672,HOLD,Navigation state acceptable
39.039171285792186,33.66733466933868,5.198971510315067,0.048954212258397876,0.2,0.9,0.9,0.8873589716175703,2.1193636505575726,0.18873589716175704,HOLD,Navigation state acceptable
39.23961889571521,33.86773547094189,5.203303142876149,0.047452826646369954,0.2,0.9,0.9,0.8663395730491794,2.1432326987874446,0.18663395730491794,HOLD,Navigation state acceptable
39.44011682629286,34.06813627254509,5.209543245656812,0.0458671181650611,0.2,0.9,0.9,0.8441396543108555,2.169033126449839,0.18441396543108557,HOLD,Navigation state acceptable
39.640680709853775,34.2685370741483,5.217629660550214,0.044201437456080246,0.2,0.9,0.9,0.8208201243851234,2.1968122751009074,0.18208201243851235,HOLD,Navigation state acceptable
39.841324302757734,34.46893787575151,5.22749728894823,0.04246015162418816,0.2,0.9,0.9,0.7964421227386342,2.226623362572958,0.17964421227386343,HOLD,Navigation state acceptable
40.04205944661688,34.66933867735471,5.239078165294432,0.040647599225519845,0.2,0.9,0.9,0.7710663891572778,2.2585262892958577,0.17710663891572778,HOLD,Navigation state acceptable
40.242896043764766,34.86973947895792,5.252301533652429,0.038768048987968415,0.2,0.9,0.9,0.7447526858315578,2.2925885327372804,0.1744752685831558,HOLD,Navigation state acceptable
40.44384204693586,35.07014028056113,5.267093927212295,0.03682566275931326,0.2,0.9,0.9,0.7175592786303857,2.328886140797234,0.1717559278630386,HOLD,Navigation state acceptable
40.64490346303262,35.27054108216433,5.283379250654816,0.03482446305332026,0.2,0.9,0.9,0.6895424827464836,2.367504836870208,0.16895424827464836,HOLD,Navigation state acceptable
40.846084370778506,35.47094188376754,5.3010788652904335,0.03276830544753298,0.2,0.9,0.9,0.6607562762654617,2.4085412514561075,0.16607562762654618,HOLD,Navigation state acceptable
41.047386951985196,35.671342685370746,5.320111676886913,0.03066085597526797,0.2,0.9,0.9,0.6312519836537516,2.4521042978538605,0.16312519836537517,HOLD,Navigation state acceptable
41.24881153609964,35.87174348697395,5.340394226097281,0.02850557355600923,0.2,0.9,0.9,0.6010780297841293,2.4983167126085126,0.16010780297841293,HOLD,Navigation state acceptable
41.450356657641734,36.07214428857716,5.361840781396657,0.02630569742497681,0.2,0.9,0.9,0.5702797639496753,2.5473167850924385,0.15702797639496754,HOLD,Navigation state acceptable
41.652019126096,36.27254509018036,5.384363434434453,0.024064239450897116,0.2,0.9,0.9,0.5388993523125596,2.5992603050934133,0.15388993523125596,HOLD,Navigation state acceptable
41.85379410778042,36.47294589178357,5.40787219770566,0.02178398117644992,0.2,0.9,0.9,0.5069757364702989,2.6543227626006547,0.1506975736470299,HOLD,Navigation state acceptable
42.05567521918125,36.673346693386776,5.432275104442861,0.019467475372936804,0.2,0.9,0.9,0.4745446552211153,2.71270184042014,0.14745446552211153,INCREASE,Low curvature with reduced advancement velocity
42.257654631214336,36.87374749498998,5.457478310628263,0.017117051872076378,0.2,0.9,0.9,0.4416387262090693,2.7746202479718294,0.14416387262090694,INCREASE,Low curvature with reduced advancement velocity
42.459723183850016,37.07414829659319,5.483386199022936,0.014734827420661463,0.2,0.9,0.9,0.40828758388926045,2.8403289539436405,0.14082875838892606,INCREASE,Low curvature with reduced advancement velocity
42.66187051051897,37.274549098196395,5.509901485108467,0.012322719295736848,0.2,0.9,0.9,0.3745180701403159,2.9101108867864247,0.1374518070140316,INCREASE,Low curvature with reduced advancement velocity
42.864085171700424,37.4749498997996,5.536925324834216,0.009882462419190666,0.2,0.9,0.9,0.34035447386866935,2.9842851857350747,0.13403544738686693,INCREASE,Low curvature with reduced advancement velocity
43.0663547970801,37.675350701402806,5.564357424061692,0.007415629715873857,0.2,0.9,0.9,0.305818816022234,3.063212101801949,0.1305818816022234,INCREASE,Low curvature with reduced advancement velocity
43.268666235653065,37.875751503006015,5.592096149595724,0.004923655469298817,0.2,0.9,0.9,0.27093117657018345,3.1472986686774473,0.12709311765701833,INCREASE,Low curvature with reduced advancement velocity
43.47100571313504,38.07615230460922,5.620038641690622,0.0024078614422448183,0.2,0.9,0.9,0.23571006019142746,3.237005288587153,0.12357100601914275,HOLD,Navigation state acceptable
43.67335899603418,38.276553106212425,5.648080927917863,0.00013051446055206857,0.2,0.9,0.9,0.20382720244772898,3.3227360138289304,0.12038272024477291,HOLD,Navigation state acceptable
43.87571156172267,38.476953907815634,5.676118038280791,0.0026902872019770705,0.2,0.9,0.9,0.239664020827679,3.2266807238055875,0.12396640208276791,HOLD,Navigation state acceptable
44.07804877383389,38.677354709418836,5.704044121460107,0.005270291500966044,0.2,0.9,0.9,0.2757840810135246,3.135326784154784,0.12757840810135246,INCREASE,Low curvature with reduced advancement velocity
44.280356062294835,38.877755511022045,5.731752562073232,0.007869346809255573,0.2,0.9,0.9,0.312170855329578,3.0483835117609894,0.1312170855329578,INCREASE,Low curvature with reduced advancement velocity
44.482619107284464,39.078156312625254,5.759136098829253,0.010486220594579638,0.2,0.9,0.9,0.34880708832411494,2.9655834660314375,0.13488070883241152,INCREASE,Low curvature with reduced advancement velocity
44.6848240263877,39.278557114228455,5.786086943460542,0.013119590162863065,0.2,0.9,0.9,0.38567426228008295,2.8866813138450933,0.1385674262280083,INCREASE,Low curvature with reduced advancement velocity
44.886957564188954,39.478957915831664,5.812496900310997,0.01576800327915502,0.2,0.9,0.9,0.4227520459081703,2.8114526431390385,0.14227520459081702,INCREASE,Low curvature with reduced advancement velocity
45.08900728352056,39.67935871743487,5.838257486460593,0.0184298378857727,0.2,0.9,0.9,0.4600177304008178,2.7396927562666535,0.14600177304008177,INCREASE,Low curvature with reduced advancement velocity
45.29096175754877,39.879759519038075,5.863260052265036,0.021103261263232833,0.2,0.9,0.9,0.49744565768525967,2.6712154657973834,0.149744565768526,HOLD,Navigation state acceptable
45.49281076184348,40.08016032064128,5.887395902189096,0.02378618903875711,0.2,0.9,0.9,0.5350066465425996,2.6058519088562084,0.15350066465425996,HOLD,Navigation state acceptable
45.694545465537395,40.28056112224449,5.910556415811701,0.02647624451872132,0.2,0.9,0.9,0.5726674232620985,2.543449391037183,0.15726674232620985,HOLD,Navigation state acceptable
45.896158620637166,40.480961923847694,5.932633168880915,0.029170718903448974,0.2,0.9,0.9,0.6103900646482856,2.483870267091851,0.16103900646482858,HOLD,Navigation state acceptable
46.09764474850218,40.6813627254509,5.9535180542966355,0.0318665330308373,0.2,0.9,0.9,0.6481314624317223,2.426990862790904,0.16481314624317223,HOLD,Navigation state acceptable
46.299000322458014,40.88176352705411,5.9731034028989844,0.034560201392219415,0.2,0.9,0.9,0.6858428194910717,2.3727004402507315,0.16858428194910718,HOLD,Navigation state acceptable
46.5002239454618,41.08216432865731,5.991282103940647,0.0372477992638779,0.2,0.9,0.9,0.7234691896942904,2.32090020751083,0.17234691896942905,HOLD,Navigation state acceptable
46.70131652168616,41.28256513026052,6.007947725121443,0.039924933893162894,0.2,0.9,0.9,0.7609490745042804,2.271502372166003,0.17609490745042805,HOLD,Navigation state acceptable
46.90228142083959,41.48296593186373,6.022994632064119,0.04258672077193457,0.2,0.9,0.9,0.798214090807084,2.2244292381251993,0.17982140908070843,HOLD,Navigation state acceptable
47.10312463399484,41.68336673346693,6.0363181071107155,0.04522776610771821,0.2,0.9,0.9,0.835188725508055,2.1796123441705633,0.1835188725508055,HOLD,Navigation state acceptable
47.30385491965512,41.88376753507014,6.047814467319551,0.04784215666078856,0.2,0.9,0.9,0.8717901932510399,2.1369916427719686,0.187179019325104,HOLD,Navigation state acceptable
47.5044839387532,42.08416833667335,6.057381181543675,0.05042345814528664,0.2,0.9,0.9,0.9079284140340129,2.0965147175216248,0.1907928414034013,HOLD,Navigation state acceptable
47.70502637725221,42.28456913827655,6.064916986472447,0.05296472338487094,0.2,0.9,0.9,0.9435061273881931,2.0581360375618956,0.19435061273881932,HOLD,Navigation state acceptable
47.90550005500284,42.48496993987976,6.07032200151908,0.05545851136215495,0.2,0.9,0.9,0.9784191590701692,2.021816247412377,0.19784191590701694,HOLD,Navigation state acceptable
48.10592601951031,42.68537074148297,6.073497842437922,0.05789691819066685,0.2,0.9,0.9,1.0125568546693358,1.9875214907442713,0.2012556854669336,HOLD,Navigation state acceptable
48.30632862328112,42.88577154308617,6.074347733556554,0.060271620870196746,0.2,0.9,0.85,1.0458026921827546,1.9552227667333002,0.2045802692182755,DECREASE,High curvature and elevated pushing force
48.50673558345391,43.08617234468938,6.072776618509284,0.06257393445281546,0.2,0.85,0.7999999999999999,1.0492481151130086,1.9519354296341098,0.20492481151130085,DECREASE,High curvature and elevated pushing force
48.7071780224754,43.28657314629259,6.068691269359838,0.06479488293864018,0.2,0.7999999999999999,0.7499999999999999,1.0503334782023221,1.9509021544666447,0.20503334782023225,DECREASE,High curvature and elevated pushing force
48.90769048866204,43.48697394789579,6.062000394002814,0.06692528384944339,0.2,0.7499999999999999,0.6999999999999998,1.0490660481180425,1.9521088662192152,0.20490660481180428,DECREASE,High curvature and elevated pushing force
49.108310955593254,43.687374749499,6.052614741735109,0.06895584599329123,0.2,0.6999999999999998,0.6499999999999998,1.0454701519194947,1.9555406351182147,0.20454701519194948,DECREASE,High curvature and elevated pushing force
49.30908079941301,43.88777555110221,6.040447206890262,0.07087727944666161,0.2,0.6499999999999998,0.5999999999999998,1.0395887136366084,1.9611797090541636,0.20395887136366087,DECREASE,High curvature and elevated pushing force
49.51004475327506,44.08817635270541,6.025412930430719,0.07268041626063342,0.2,0.5999999999999998,0.5499999999999997,1.0314845788669673,1.969003378913634,0.20314845788669678,DECREASE,High curvature and elevated pushing force
49.711250838351354,44.28857715430862,6.007429399394816,0.07435633986126962,0.2,0.5499999999999997,0.4999999999999997,1.021241568543331,1.9789816626830614,0.2021241568543331,DECREASE,High curvature and elevated pushing force
49.91275027103282,44.48897795591183,5.9864165440975725,0.07589652059555653,0.2,0.4999999999999997,0.44999999999999973,1.0089652059555652,1.9910748021628368,0.20089652059555654,DECREASE,High curvature and elevated pushing force
50.11459734618449,44.68937875751503,5.962296832986581,0.07729295439594389,0.2,0.44999999999999973,0.39999999999999974,0.9947830667614668,2.0052305770241,0.1994783066761467,DECREASE,High curvature and elevated pushing force
50.31684929656903,44.88977955911824,5.934995365056421,0.07853830113148977,0.2,0.39999999999999974,0.34999999999999976,0.9788447101834077,2.0213814552579334,0.19788447101834078,DECREASE,High curvature and elevated pushing force
50.51956612882036,45.09018036072145,5.904439959727675,0.07962601891960193,0.2,0.34999999999999976,0.29999999999999977,0.9613211608166161,2.0394416171671543,0.19613211608166162,DECREASE,High curvature and elevated pushing force
50.722810436627135,45.29058116232465,5.870561244098958,0.08055049051005099,0.2,0.29999999999999977,0.24999999999999978,0.9424039240804079,2.059303912235309,0.1942403924080408,DECREASE,High curvature and elevated pushing force
50.92664719206783,45.49098196392786,5.83329273748301,0.08130713784771154,0.2,0.24999999999999978,0.1999999999999998,0.9223035338578365,2.0808368343226586,0.19223035338578365,DECREASE,High curvature and elevated pushing force
51.131143516318694,45.69138276553107,5.79257093314057,0.08189252109162164,0.2,0.1999999999999998,0.1499999999999998,0.9012476476413513,2.1038816300245355,0.19012476476413515,DECREASE,High curvature and elevated pushing force
51.33636843122644,45.89178356713427,5.748335377128621,0.08230441871434735,0.2,0.1499999999999998,0.1,0.8794787216432578,2.1282496864357885,0.1879478721643258,DECREASE,High curvature and elevated pushing force
51.542392593491165,46.09218436873748,5.7005287441822095,0.08254188582083233,0.2,0.1,0.1,0.857251314924994,2.1537203758348356,0.1857251314924994,DECREASE,High curvature and elevated pushing force
51.74928801343503,46.29258517034068,5.649096910552249,0.0826052884969175,0.2,0.1,0.1,0.857631730981505,2.153279325114965,0.18576317309815052,DECREASE,High curvature and elevated pushing force
51.95712776053318,46.49298597194389,5.593989023724534,0.08249631278759634,0.2,0.1,0.1,0.8569778767255781,2.154037509080737,0.18569778767255782,DECREASE,High curvature and elevated pushing force
52.16598565804796,46.6933867735471,5.535157568948337,0.08221794777526427,0.2,0.1,0.1,0.8553076866515856,2.155976622518663,0.18553076866515858,DECREASE,High curvature and elevated pushing force
52.37593596923258,46.8937875751503,5.472558432506101,0.08177444313843694,0.2,0.1,0.1,0.8526466588306217,2.1590733348607194,0.18526466588306217,DECREASE,High curvature and elevated pushing force
52.58705307765232,47.09418837675351,5.4061509616590335,0.08117124246430102,0.2,0.1,0.1,0.8490274547858062,2.163299408911895,0.18490274547858065,DECREASE,High curvature and elevated pushing force
52.799411164207626,47.294589178356716,5.3358980212065354,0.08041489441718648,0.2,0.1,0.1,0.8444893665031189,2.1686218812870757,0.1844489366503119,DECREASE,High curvature and elevated pushing force
53.01308388343527,47.49498997995992,5.261766046600897,0.07951294459176392,0.2,0.1,0.1,0.8390776675505836,2.175003302240894,0.18390776675505838,DECREASE,High curvature and elevated pushing force
53.22814404161065,47.69539078156313,5.183725093562074,0.07847381145907739,0.2,0.1,0.1,0.8328428687544643,2.182402031396319,0.18328428687544643,DECREASE,High curvature and elevated pushing force
53.44466327907998,47.895791583166336,5.101748884140721,0.07730665022247157,0.2,0.1,0.1,0.8258399013348295,2.1907725847571258,0.18258399013348298,DECREASE,High curvature and elevated pushing force
53.66271175911967,48.09619238476954,5.015814849181288,0.07602120863003514,0.2,0.1,0.1,0.8181272517802108,2.200066027327525,0.1818127251780211,DECREASE,High curvature and elevated pushing force
53.882357865454956,48.296593186372746,4.925904167140468,0.07462767883346837,0.2,0.1,0.1,0.8097660730008103,2.21023040473265,0.18097660730008103,DECREASE,High curvature and elevated pushing force
54.10366791037898,48.496993987975955,4.832001799220031,0.07313654924981558,0.2,0.1,0.1,0.8008192954988935,2.2212112064758016,0.18008192954988936,DECREASE,High curvature and elevated pushing force
54.32670585520078,48.69739478957916,4.734096520776401,0.07155846009742305,0.2,0.1,0.1,0.7913507605845383,2.2329518528770733,0.17913507605845386,DECREASE,High curvature and elevated pushing force
54.55153304452433,48.897795591182366,4.632180948973464,0.0699040658685442,0.2,0.1,0.1,0.7814243952112653,2.2453941973359055,0.17814243952112654,DECREASE,High curvature and elevated pushing force
54.778207955626,49.098196392785574,4.526251566648519,0.06818390749236682,0.2,0.1,0.1,0.7711034449542009,2.258479035426096,0.1771103444954201,DECREASE,High curvature and elevated pushing force
55.00678596396157,49.298597194388776,4.416308742364944,0.06640829637984981,0.2,0.1,0.1,0.7604497782790989,2.272146612390238,0.1760449778279099,DECREASE,High curvature and elevated pushing force
55.23731912560069,49.498997995991985,4.302356746629364,0.06458721195567249,0.2,0.1,0.1,0.749523271734035,2.2863371208748835,0.1749523271734035,DECREASE,High curvature and elevated pushing force
55.46985597716267,49.699398797595194,4.1844037642543865,0.06273021369683017,0.2,0.1,0.1,0.7383812821809811,2.300991181279622,0.17383812821809813,DECREASE,High curvature and elevated pushing force
55.70444135361538,49.899799599198396,4.06246190285211,0.06084636815094168,0.2,0.1,0.1,0.7270782089056501,2.3160502977653623,0.17270782089056502,DECREASE,High curvature and elevated pushing force
55.94111622410307,50.100200400801604,3.9365471974473905,0.058944190911850054,0.2,0.1,0.1,0.7156651454711004,2.331457283817262,0.17156651454711006,HOLD,Navigation state acceptable
56.179917545791184,50.30060120240481,3.806679611203619,0.05703160310046951,0.2,0.1,0.1,0.704189618602817,2.3471566522505913,0.17041896186028171,HOLD,Navigation state acceptable
56.42087813555817,50.501002004008015,3.6728830322576402,0.05511590155018785,0.2,0.1,0.1,0.6926954093011272,2.3630949655918916,0.16926954093011273,HOLD,Navigation state acceptable
56.664026559226905,50.701402805611224,3.5351852666643646,0.053203741624906,0.2,0.1,0.1,0.681222449749436,2.3792211438742967,0.1681222449749436,HOLD,Navigation state acceptable
56.90938703791174,50.90180360721443,3.39361802745542,0.05130113140380232,0.2,0.1,0.1,0.6698067884228139,2.395486728005297,0.1669806788422814,HOLD,Navigation state acceptable
57.15697937096108,51.102204408817634,3.2482169198199866,0.049413435848893836,0.2,0.1,0.1,0.6584806150933631,2.4118460979266994,0.16584806150933631,HOLD,Navigation state acceptable
57.406818874898406,51.30260521042084,3.0990214224199635,0.04754538951652175,0.2,0.1,0.1,0.6472723370991306,2.428256645797899,0.16472723370991305,HOLD,Navigation state acceptable
57.65891633770614,51.50300601202405,2.946074864855277,0.04570111637423859,0.2,0.1,0.1,0.6362066982454315,2.4446789053542908,0.16362066982454315,HOLD,Navigation state acceptable
57.913277987754995,51.703406813627254,2.7894244012990788,0.043884155332368086,0.2,0.1,0.1,0.6253049319942086,2.4610766393799715,0.16253049319942087,HOLD,Navigation state acceptable
58.169905476654364,51.90380761523046,2.6291209803262663,0.04209749017960225,0.2,0.1,0.1,0.6145849410776135,2.477416887915666,0.16145849410776136,HOLD,Navigation state acceptable
58.42879587528549,52.10420841683367,2.4652193109626674,0.04034358271927322,0.2,0.1,0.1,0.6040614963156393,2.4936699803514886,0.16040614963156397,HOLD,Navigation state acceptable
58.68994168227712,52.30460921843687,2.2977778249859013,0.038624408026186996,0.2,0.1,0.1,0.593746448157122,2.509809514948424,0.1593746448157122,HOLD,Navigation state acceptable
58.95333084419051,52.50501002004008,2.1268586355125425,0.03694149087408147,0.2,0.1,0.1,0.5836489452444888,2.5258123096103646,0.1583648945244489,HOLD,Navigation state acceptable
59.21894678669569,52.70541082164329,1.952527491910186,0.035295942519199146,0.2,0.1,0.1,0.5737756551151949,2.5416583278556395,0.1573775655115195,HOLD,Navigation state acceptable
59.48676845604311,52.90581162324649,1.7748537310763655,0.03368849715578291,0.2,0.1,0.1,0.5641309829346975,2.557330583973861,0.15641309829346978,HOLD,Navigation state acceptable
59.75677037016112,53.1062124248497,1.5939102251299435,0.03211954748320192,0.2,0.1,0.1,0.5547172848992116,2.572815031293172,0.15547172848992116,HOLD,Navigation state acceptable
60.02892267874002,53.30661322645291,1.4097733255643936,0.030589178940650556,0.2,0.1,0.1,0.5455350736439034,2.5881004373257035,0.15455350736439036,HOLD,Navigation state acceptable
60.30319123169676,53.50701402805611,1.2225228039155143,0.0290972022689,0.2,0.1,0.1,0.5365832136134,2.603178249353431,0.15365832136134003,HOLD,Navigation state acceptable
60.57953765544878,53.70741482965932,1.0322417889998827,0.027643184150492113,0.2,0.1,0.1,0.5278591049029527,2.6180424537602067,0.1527859104902953,HOLD,Navigation state acceptable
60.857919436460726,53.90781563126253,0.8390167007836462,0.026226475760107705,0.2,0.1,0.1,0.5193588545606462,2.632689432120157,0.15193588545606462,HOLD,Navigation state acceptable
61.138290011563605,54.10821643286573,0.6429371809445903,0.024846239125146163,0.2,0.1,0.1,0.5110774347508771,2.647117816738133,0.1511077434750877,HOLD,Navigation state acceptable
61.42059886458097,54.30861723446894,0.44409602019368366,0.023501471252392284,0.2,0.1,0.1,0.5030088275143537,2.661328348027816,0.15030088275143538,HOLD,Navigation state acceptable
61.70479162883064,54.50901803607215,0.24258908242562294,0.022191026023266253,0.2,0.1,0.1,0.49514615613959756,2.6753237357930453,0.14951461561395976,HOLD,Navigation state acceptable
61.990810195104096,54.70941883767535,0.03851522577094135,0.020913633897521357,0.2,0.1,0.1,0.48748180338512814,2.6891085261661845,0.1487481803385128,HOLD,Navigation state acceptable
62.27859282475666,54.90981963927856,-0.16802377937466328,0.019667919492005505,0.2,0.1,0.15000000000000002,0.48000751695203303,2.702688975686898,0.1480007516952033,INCREASE,Low curvature with reduced advancement velocity
62.56807426757194,55.11022044088177,-0.37692333526506383,0.018452417123443834,0.2,0.15000000000000002,0.2,0.46444071130238496,2.7314181920295306,0.1464440711302385,INCREASE,Low curvature with reduced advancement velocity
62.85918588409197,55.31062124248497,-0.5880761045807921,0.01726558441892342,0.2,0.2,0.25,0.448859090932464,2.7607929749922473,0.1448859090932464,INCREASE,Low curvature with reduced advancement velocity
63.15185577213135,55.51102204408818,-0.801372100984322,0.01610581410550685,0.2,0.25,0.3,0.4332936057913014,2.7907750260224287,0.14332936057913015,INCREASE,Low curvature with reduced advancement velocity
63.446008897217645,55.71142284569139,-1.0166987823659523,0.014971444098227312,0.2,0.3,0.35,0.4177715527858185,2.821329001939903,0.14177715527858187,INCREASE,Low curvature with reduced advancement velocity
63.741567226723944,55.91182364729459,-1.2339411466905692,0.013860766005752558,0.2,0.35,0.39999999999999997,0.40231651104889676,2.852423093134732,0.1402316511048897,INCREASE,Low curvature with reduced advancement velocity
64.03844986748038,56.1122244488978,-1.4529818303529964,0.012772032171402258,0.2,0.39999999999999997,0.44999999999999996,0.38694828954262034,2.8840296571684703,0.13869482895426205,INCREASE,Low curvature with reduced advancement velocity
64.33657320667056,56.31262525050101,-1.6737012089464796,0.011703461366144098,0.2,0.44999999999999996,0.49999999999999994,0.37168288297836893,2.9161259133850974,0.1371682882978369,INCREASE,Low curvature with reduced advancement velocity
64.63585105583778,56.51302605210421,-1.895977500347401,0.010653243243662179,0.2,0.49999999999999994,0.5499999999999999,0.3565324324366218,2.9486947044938296,0.13565324324366218,INCREASE,Low curvature with reduced advancement velocity
64.93619479784158,56.71342685370742,-2.119686870016255,0.009619541662161028,0.2,0.5499999999999999,0.6,0.3415051874526908,2.9817253316741743,0.1341505187452691,INCREASE,Low curvature with reduced advancement velocity
65.23751353662097,56.91382765531062,-2.344703538413045,0.008600496971624837,0.2,0.6,0.65,0.32660546668787327,3.0152144706494934,0.13266054666878732,INCREASE,Low curvature with reduced advancement velocity
65.53971424963449,57.11422845691383,-2.5708998904231377,0.007594227358106342,0.2,0.65,0.7000000000000001,0.31183361461822295,3.0491671774732665,0.1311833614618223,INCREASE,Low curvature with reduced advancement velocity
65.84270194286024,57.31462925851704,-2.79814658668748,0.0065988293289507005,0.2,0.7000000000000001,0.7500000000000001,0.29718595194740843,3.0835979945627496,0.12971859519474085,INCREASE,Low curvature with reduced advancement velocity
66.14637980825091,57.51503006012024,-3.0263126767294115,0.005612377416980808,0.2,0.7500000000000001,0.8000000000000002,0.28265471771226014,3.118532169853466,0.12826547177122602,INCREASE,Low curvature with reduced advancement velocity
66.45064938354963,57.71543086172345,-3.2552657137681407,0.004632923175002188,0.2,0.8000000000000002,0.8500000000000002,0.2682280012750285,3.154007005032653,0.12682280012750285,INCREASE,Low curvature with reduced advancement velocity
66.7554107143832,57.91583166332666,-3.484871871107709,0.0036584935247192724,0.2,0.8500000000000002,0.9,0.2538896625837102,3.1900733528321585,0.125388966258371,INCREASE,Low curvature with reduced advancement velocity
67.06056251855807,58.11623246492986,-3.7149960599883425,0.002687088519879924,0.2,0.9,0.9,0.23961923927831896,3.226797288438923,0.1239619239278319,HOLD,Navigation state acceptable
67.36600235249388,58.31663326653307,-3.945502048785867,0.001716678578390075,0.2,0.9,0.9,0.22603350009746107,3.2625535922811473,0.12260335000974612,HOLD,Navigation state acceptable
67.67162677973725,58.517034068136276,-4.176252583443176,0.000745201233450217,0.2,0.9,0.9,0.21243281726830304,3.2991518730186495,0.1212432817268303,HOLD,Navigation state acceptable
67.97733154150691,58.71743486973948,-4.407109509017084,0.00022944254925775232,0.2,0.9,0.9,0.20521219568960855,3.318917626543968,0.12052121956896085,HOLD,Navigation state acceptable
68.283011729228,58.91783567134269,-4.637933892222115,0.0012093924427198674,0.2,0.9,0.9,0.21893149419807817,3.281562597274227,0.12189314941980783,HOLD,Navigation state acceptable
68.58856195902094,59.118236472945895,-4.868586144852149,0.002196833174709304,0.2,0.9,0.9,0.23275566444593027,3.244763025930061,0.12327556644459303,HOLD,Navigation state acceptable
68.8938765481171,59.3186372745491,-5.098926147960071,0.0031939992452757067,0.2,0.9,0.9,0.24671598943385992,3.2084292123472484,0.124671598943386,HOLD,Navigation state acceptable
69.19884969317935,59.519038076152306,-5.328813376674387,0.004203179899909296,0.2,0.9,0.9,0.26084451859873015,3.172476812958267,0.12608445185987302,INCREASE,Low curvature with reduced advancement velocity
69.50337565051207,59.719438877755515,-5.558107025531467,0.005226724311043208,0.2,0.9,0.9,0.2751741403546049,3.1368264720986785,0.1275174140354605,INCREASE,Low curvature with reduced advancement velocity
69.8073489181512,59.91983967935872,-5.786666134201439,0.006267046915367884,0.2,0.9,0.9,0.2897386568151504,3.101403512148348,0.12897386568151503,INCREASE,Low curvature with reduced advancement velocity
70.11066441983013,60.120240480961925,-6.014349713485338,0.00732663284885692,0.2,0.9,0.9,0.3045728598839969,3.06613767847024,0.1304572859883997,INCREASE,Low curvature with reduced advancement velocity
70.41321769082201,60.320641282565134,-6.241016871460816,0.008408043413318592,0.2,0.9,0.9,0.31971260778646027,3.0309629357176155,0.13197126077864604,INCREASE,Low curvature with reduced advancement velocity
70.71490506566475,60.521042084168336,-6.466526939653566,0.00951392149707714,0.2,0.9,0.9,0.33519490095907994,2.995817312608647,0.133519490095908,INCREASE,Low curvature with reduced advancement velocity
71.01562386777806,60.721442885771545,-6.690739599111632,0.010646996860876067,0.2,0.9,0.9,0.351057956052265,2.960642792621446,0.13510579560522648,INCREASE,Low curvature with reduced advancement velocity
71.31527260098615,60.92184368737475,-6.913515006259728,0.011810091183584318,0.2,0.9,0.9,0.36734127657018045,2.9253852483950045,0.13673412765701806,INCREASE,Low curvature with reduced advancement velocity
71.61375114296209,61.122244488977955,-7.134713918410937,0.013006122743305149,0.2,0.9,0.9,0.3840857184062721,2.889994417835526,0.13840857184062721,INCREASE,Low curvature with reduced advancement velocity
71.91096094061218,61.322645290581164,-7.35419781881368,0.014238110588132962,0.2,0.9,0.9,0.40133354823386147,2.854423920016264,0.14013335482338615,INCREASE,Low curvature with reduced advancement velocity
72.20680520741851,61.52304609218437,-7.571829041111776,0.015509178023309195,0.2,0.9,0.9,0.41912849232632876,2.8186313090246937,0.1419128492326329,INCREASE,Low curvature with reduced advancement velocity
72.50118912275808,61.723446893787575,-7.78747089309661,0.016822555211961177,0.2,0.9,0.9,0.4375157729674565,2.782578163815775,0.14375157729674568,INCREASE,Low curvature with reduced advancement velocity
72.79402003321395,61.92384769539078,-8.000987779630702,0.01818158065107947,0.2,0.9,0.9,0.4565421291151126,2.74623021198165,0.14565421291151126,INCREASE,Low curvature with reduced advancement velocity
73.08520765588918,62.12424849699399,-8.212245324622678,0.019589701243241768,0.2,0.9,0.9,0.47625581740538475,2.709557485118168,0.1476255817405385,INCREASE,Low curvature with reduced advancement velocity
73.37466428372768,62.324649298597194,-8.421110491935064,0.02105047064004112,0.2,0.9,0.9,0.4967065889605757,2.67253450309048,0.14967065889605757,HOLD,Navigation state acceptable
73.66230499283613,62.5250501002004,-8.627451705106843,0.022567545480836657,0.2,0.9,0.9,0.5179456367317132,2.6351404840903228,0.15179456367317135,HOLD,Navigation state acceptable
73.94804785178682,62.72545090180361,-8.831138965774056,0.02414467909284924,0.2,0.9,0.9,0.5400255072998894,2.597359576863865,0.15400255072998895,HOLD,Navigation state acceptable
74.23181413286456,62.92585170340681,-9.032043970673097,0.025785712155991798,0.2,0.9,0.9,0.5629999701838851,2.5591811108796145,0.15629999701838854,HOLD,Navigation state acceptable
74.51352852519707,63.12625250501002,-9.23004022711263,0.027494559767639287,0.2,0.9,0.9,0.58692383674695,2.5205998595368238,0.15869238367469501,HOLD,Navigation state acceptable
74.79311934968052,63.32665330661323,-9.425003166801492,0.02927519426903331,0.2,0.9,0.9,0.6118527197664663,2.4816163108125293,0.16118527197664664,HOLD,Navigation state acceptable
75.07051877557609,63.52705410821643,-9.616810257921667,0.03113162311854846,0.2,0.9,0.9,0.6378427236596784,2.4422369390036414,0.16378427236596785,HOLD,Navigation state acceptable
75.345663038611,63.72745490981964,-9.805341115337134,0.0330678610207854,0.2,0.9,0.9,0.6649500542909956,2.4024744704449197,0.16649500542909956,HOLD,Navigation state acceptable
75.61849266036499,63.92785571142285,-9.990477608831046,0.03508789544369789,0.2,0.9,0.9,0.6932305362117704,2.3623481353868785,0.16932305362117706,HOLD,Navigation state acceptable
75.88895266866197,64.12825651302606,-10.172103969265844,0.037195644586354014,0.2,0.9,0.9,0.7227390242089562,2.321883897554774,0.17227390242089563,HOLD,Navigation state acceptable
76.15699281861247,64.32865731462925,-10.35010689256285,0.0393949068014936,0.2,0.9,0.9,0.7535286952209104,2.2811146523587844,0.17535286952209106,HOLD,Navigation state acceptable
76.42256781386702,64.52905811623246,-10.524375641399942,0.04168930043545726,0.2,0.9,0.9,0.7856502060964017,2.240080384357233,0.1785650206096402,HOLD,Navigation state acceptable
76.68563752753954,64.72945891783567,-10.694802144528214,0.044082193035285114,0.2,0.9,0.9,0.8191507024939915,2.198828274378885,0.18191507024939915,HOLD,Navigation state acceptable
76.94616722214442,64.92985971943888,-10.861281093610993,0.046576618896777534,0.2,0.9,0.9,0.8540726645548855,2.1574127467977613,0.18540726645548855,HOLD,Navigation state acceptable
77.20412776775771,65.13026052104209,-11.023710037490762,0.049175184002100684,0.2,0.9,0.9,0.8904525760294095,2.115895447851622,0.18904525760294097,HOLD,Navigation state acceptable
77.45949585746177,65.3306613226453,-11.181989473792175,0.051879957538605734,0.2,0.9,0.9,0.9283194055404802,2.0743451466116722,0.19283194055404804,HOLD,Navigation state acceptable
77.71225421896315,65.53106212424849,-11.336022937772114,0.054692349416950746,0.2,0.9,0.9,0.9676928918373104,2.032837551323899,0.19676928918373104,HOLD,Navigation state acceptable
77.96239182108344,65.7314629258517,-11.48571708833012,0.05761297353595525,0.2,0.9,0.9,1.0085816295033734,1.9914550353569695,0.20085816295033734,HOLD,Navigation state acceptable
78.20990407361398,65.93186372745491,-11.630981791095557,0.06064149699763969,0.2,0.9,0.85,1.0509809579669556,1.9502862688520612,0.20509809579669558,DECREASE,High curvature and elevated pushing force
78.45479301879757,66.13226452905812,-11.77173019851079,0.06377647607297159,0.2,0.85,0.7999999999999999,1.0654824269851164,1.9365935762709945,0.20654824269851166,DECREASE,High curvature and elevated pushing force
78.69706751245513,66.33266533066133,-11.907878826832265,0.06701518047770574,0.2,0.7999999999999999,0.7499999999999999,1.0791973462101745,1.9238193081050914,0.20791973462101745,DECREASE,High curvature and elevated pushing force
78.93674339251601,66.53306613226454,-12.039347629974857,0.0703534084508372,0.2,0.7499999999999999,0.6999999999999998,1.091917605635465,1.9121211988580755,0.2091917605635465,DECREASE,High curvature and elevated pushing force
79.17384363244133,66.73346693386773,-12.166060070127523,0.07378529623540822,0.2,0.6999999999999998,0.6499999999999998,1.1034235548248985,1.901661693777592,0.21034235548248983,DECREASE,High curvature and elevated pushing force
79.40839847675659,66.93386773547094,-12.287943185071901,0.07730312683644992,0.2,0.6499999999999998,0.5999999999999998,1.113485958619174,1.89260779504462,0.21134859586191743,DECREASE,High curvature and elevated pushing force
79.64044555563929,67.13426853707415,-12.404927652138202,0.08089714434234016,0.2,0.5999999999999998,0.5499999999999997,1.1218685877657415,1.8851308808958191,0.21218685877657417,DECREASE,High curvature and elevated pushing force
79.87002997525256,67.33466933867736,-12.516947848736656,0.08455538159597241,0.2,0.5499999999999997,0.4999999999999997,1.1283315067577102,1.879406468071123,0.21283315067577102,DECREASE,High curvature and elevated pushing force
80.09720438028457,67.53507014028057,-12.623941909405639,0.08826351050875592,0.2,0.4999999999999997,0.44999999999999973,1.132635105087559,1.8756138780880538,0.2132635105087559,DECREASE,High curvature and elevated pushing force
80.32202898496436,67.73547094188378,-12.725851779321259,0.09200472571249856,0.2,0.44999999999999973,0.39999999999999974,1.1345448942687362,1.873935755926249,0.21345448942687364,DECREASE,High curvature and elevated pushing force
80.54457156869174,67.93587174348697,-12.822623264216613,0.0957596734025266,0.2,0.39999999999999974,0.34999999999999976,1.1338370606227393,1.8745573754505132,0.21338370606227397,DECREASE,High curvature and elevated pushing force
80.76490743236063,68.13627254509018,-12.914206076662554,0.0995064379624494,0.2,0.34999999999999976,0.29999999999999977,1.1303047226808196,1.8776656491500976,0.213030472268082,DECREASE,High curvature and elevated pushing force
80.98311931149162,68.33667334669339,-13.00055387866508,0.1032205990841321,0.2,0.29999999999999977,0.24999999999999978,1.1237647926730567,1.8834477404465482,0.21237647926730566,DECREASE,High curvature and elevated pushing force
81.19929724243917,68.5370741482966,-13.08162432053853,0.10687537140725928,0.2,0.24999999999999978,0.1999999999999998,1.1140652855544444,1.892089155113742,0.21140652855544442,DECREASE,High curvature and elevated pushing force
81.41353837822035,68.7374749498998,-13.157379076016973,0.11044183701467254,0.2,0.1999999999999998,0.1499999999999998,1.1010928591027076,1.9037711649299687,0.21010928591027078,DECREASE,High curvature and elevated pushing force
81.62594675094074,68.93787575150301,-13.227783873570242,0.11388927829217135,0.2,0.1499999999999998,0.1,1.0847803088991137,1.9186673928785498,0.20847803088991138,DECREASE,High curvature and elevated pushing force
81.83663297838098,69.13827655310621,-13.292808523894546,0.11718561463033404,0.2,0.1,0.1,1.0651136877820044,1.9369393673895614,0.20651136877820045,DECREASE,High curvature and elevated pushing force
82.04571391305844,69.33867735470942,-13.352426943551492,0.12029794126033634,0.2,0.1,0.1,1.0837876475620183,1.91958139529232,0.20837876475620185,DECREASE,High curvature and elevated pushing force
82.25331223299075,69.53907815631263,-13.406617174733048,0.12319316236074623,0.2,0.1,0.1,1.1011589741644774,1.9037112608723925,0.21011589741644776,DECREASE,High curvature and elevated pushing force
82.45955597444883,69.73947895791584,-13.455361401133898,0.12583870378742193,0.2,0.1,0.1,1.1170322227245317,1.889437466781761,0.2117032222724532,DECREASE,High curvature and elevated pushing force
82.66457800817251,69.93987975951904,-13.498645959916294,0.12820328386138868,0.2,0.1,0.1,1.1312197031683322,1.8768595251130071,0.21312197031683322,DECREASE,High curvature and elevated pushing force
82.8685154617998,70.14028056112225,-13.536461349756568,0.13025771421434224,0.2,0.1,0.1,1.1435462852860532,1.8660665400403078,0.21435462852860532,DECREASE,High curvature and elevated pushing force
83.07150909258496,70.34068136272545,-13.568802234966089,0.13197569742466714,0.2,0.1,0.1,1.1538541845480026,1.857135932736979,0.21538541845480028,DECREASE,High curvature and elevated pushing force
83.27370261579998,70.54108216432866,-13.595667445683532,0.1333345847563801,0.2,0.1,0.1,1.1620075085382804,1.8501323349724972,0.21620075085382806,DECREASE,High curvature and elevated pushing force
83.47524199546788,70.74148296593187,-13.617059974138934,0.13431605630938653,0.2,0.1,0.1,1.1678963378563192,1.8451066732993884,0.21678963378563193,DECREASE,High curvature and elevated pushing force
83.67627470520593,70.94188376753507,-13.63298696699419,0.13490668767599798,0.2,0.1,0.1,1.171440126055988,1.842095460981117,0.2171440126055988,DECREASE,High curvature and elevated pushing force
83.87694896790097,71.14228456913828,-13.643459713768179,0.1350983718666552,0.2,0.1,0.1,1.1725902311999312,1.8411203100139055,0.21725902311999312,DECREASE,High curvature and elevated pushing force
84.07741298364823,71.34268537074149,-13.648493631358745,0.1348885725945969,0.2,0.1,0.1,1.1713314355675815,1.8421876708814877,0.21713314355675817,DECREASE,High curvature and elevated pushing force
84.2778141558157,71.54308617234469,-13.648108244677612,0.1342803944472316,0.2,0.1,0.1,1.1676823666833895,1.8452888031377512,0.21676823666833897,DECREASE,High curvature and elevated pushing force
84.47829832522501,71.7434869739479,-13.64232716341796,0.13328246620620054,0.2,0.1,0.1,1.1616947972372031,1.8503999755711487,0.21616947972372033,DECREASE,High curvature and elevated pushing force
84.67900902225486,71.9438877755511,-13.631178054978387,0.13190864463408514,0.2,0.1,0.1,1.153451867804511,1.857482890517578,0.21534518678045111,DECREASE,High curvature and elevated pushing force
84.88008674618672,72.14428857715431,-13.614692613570599,0.13017755640284157,0.2,0.1,0.1,1.1430653384170495,1.8664853228201403,0.21430653384170495,DECREASE,High curvature and elevated pushing force
85.08166828034796,72.34468937875752,-13.59290652554209,0.12811200457102098,0.2,0.1,0.1,1.130672027426126,1.8773419599599483,0.2130672027426126,DECREASE,High curvature and elevated pushing force
85.28388605060852,72.54509018036072,-13.565859430948555,0.12573827241036553,0.2,0.1,0.1,1.1164296344621931,1.889975426003918,0.21164296344621933,DECREASE,High curvature and elevated pushing force
85.48686753360593,72.74549098196393,-13.533594881414702,0.12308536102166995,0.2,0.1,0.1,1.1005121661300197,1.904297468254894,0.21005121661300197,DECREASE,High curvature and elevated pushing force
85.69073471976824,72.94589178356713,-13.496160294325644,0.12018419795982942,0.2,0.1,0.1,1.0831051877589766,1.9202102819892817,0.20831051877589768,DECREASE,High curvature and elevated pushing force
85.89560363484063,73.14629258517034,-13.453606903394656,0.11706685222051434,0.2,0.1,0.1,1.0644011133230862,1.9376079455611035,0.20644011133230863,DECREASE,High curvature and elevated pushing force
86.10158392225577,73.34669338677355,-13.405989705656685,0.11376578688174448,0.2,0.1,0.1,1.044594721290467,1.9563779356112976,0.2044594721290467,DECREASE,High curvature and elevated pushing force
86.30877848737724,73.54709418837676,-13.353367404940503,0.1103131750518623,0.2,0.1,0.1,1.0238790503111739,1.9764026903608667,0.2023879050311174,DECREASE,High curvature and elevated pushing force
86.51728320343312,73.74749498997996,-13.295802351875786,0.10674029823418658,0.2,0.1,0.1,1.0024417894051196,1.9975611881273763,0.20024417894051197,DECREASE,High curvature and elevated pushing force
86.72718667787971,73.94789579158316,-13.23336048049492,0.10307703942989922,0.2,0.1,0.1,0.9804622365793955,2.0197305084234776,0.19804622365793956,DECREASE,High curvature and elevated pushing force
86.9385700770141,74.14829659318637,-13.166111241492546,0.09935147682877732,0.2,0.1,0.1,0.9581088609726639,2.0427873443221407,0.1958108860972664,DECREASE,High curvature and elevated pushing force
87.15150700590478,74.34869739478958,-13.094127532209265,0.09558957821159342,0.2,0.1,0.1,0.9355374692695605,2.066609437175883,0.19355374692695607,DECREASE,High curvature and elevated pushing force
87.36606344013074,74.54909819639279,-13.017485623408952,0.09181499148299194,0.2,0.1,0.1,0.9128899488979517,2.0910769081642506,0.19128899488979517,DECREASE,High curvature and elevated pushing force
87.58229770540827,74.749498997996,-12.93626508292255,0.08804892320109214,0.2,0.1,0.1,0.8902935392065529,2.116073465330148,0.1890293539206553,DECREASE,High curvature and elevated pushing force
87.80026050092656,74.9498997995992,-12.850548696233975,0.08431009457112383,0.2,0.1,0.1,0.8678605674267429,2.1414874695441526,0.1867860567426743,DECREASE,High curvature and elevated pushing force
88.01999496209372,75.1503006012024,-12.760422384086986,0.08061476303730215,0.2,0.1,0.1,0.8456885782238129,2.167212847927669,0.1845688578223813,DECREASE,High curvature and elevated pushing force
88.24153675839099,75.35070140280561,-12.66597511719474,0.0769767971837667,0.2,0.1,0.1,0.8238607831026002,2.1931498484196434,0.18238607831026005,DECREASE,High curvature and elevated pushing force
88.46491422212786,75.55110220440882,-12.5672988281365,0.07340779295431393,0.2,0.1,0.1,0.8024467577258837,2.2192056341496222,0.18024467577258838,DECREASE,High curvature and elevated pushing force
88.69014850406063,75.75150300601203,-12.464488320528766,0.06991722003525096,0.2,0.1,0.1,0.7815033202115058,2.245294720823258,0.1781503320211506,DECREASE,High curvature and elevated pushing force
88.91725375206468,75.95190380761524,-12.357641175560953,0.066512588428499,0.2,0.1,0.1,0.7610755305709941,2.271339264309168,0.17610755305709944,DECREASE,High curvature and elevated pushing force
89.14623730931758,76.15230460921843,-12.246857655987903,0.0631996266185576,0.2,0.1,0.1,0.7411977597113456,2.297269208905436,0.17411977597113457,DECREASE,High curvature and elevated pushing force
89.37709992874156,76.35270541082164,-12.132240607674445,0.05998246418230651,0.2,0.1,0.1,0.7218947850938391,2.3230223092765856,0.17218947850938393,HOLD,Navigation state acceptable
89.60983600075639,76.55310621242485,-12.01389535878931,0.05686381310487102,0.2,0.1,0.1,0.7031828786292261,2.348544040801609,0.17031828786292263,HOLD,Navigation state acceptable
89.84443379169834,76.75350701402806,-11.891929616748214,0.05384514338174978,0.2,0.1,0.1,0.6850708602904988,2.3737874140856112,0.1685070860290499,HOLD,Navigation state acceptable
90.08087569055708,76.95390781563127,-11.766453363007837,0.05092684966506004,0.2,0.1,0.1,0.6675610979903602,2.3987127097295255,0.16675610979903605,HOLD,Navigation state acceptable
90.31913846196677,77.15430861723448,-11.637578745814931,0.04810840672938707,0.2,0.1,0.1,0.6506504403763225,2.423287149208928,0.16506504403763225,HOLD,Navigation state acceptable
90.55919350365404,77.35470941883767,-11.505419971016295,0.04538851238409842,0.2,0.1,0.1,0.6343310743045905,2.447484516992375,0.16343310743045905,HOLD,Navigation state acceptable
90.801007106792,77.55511022044088,-11.37009319103778,0.042765217148470855,0.2,0.1,0.1,0.6185913028908252,2.4712847479508557,0.16185913028908253,HOLD,Navigation state acceptable
91.04454071793413,77.75551102204409,-11.231716392141742,0.0402360405464475,0.2,0.1,0.1,0.603416243278685,2.494673492779861,0.1603416243278685,HOLD,Navigation state acceptable
91.28975120140498,77.9559118236473,-11.09040928007444,0.03779807428892552,0.2,0.1,0.1,0.5887884457335532,2.5176416726477235,0.15887884457335533,HOLD,Navigation state acceptable
91.536591101205,78.15631262525051,-10.94629316421615,0.035448072908677394,0.2,0.1,0.1,0.5746884374520644,2.5401850327117583,0.15746884374520645,HOLD,Navigation state acceptable
91.78500890164639,78.35671342685372,-10.799490840348554,0.03318253261517313,0.2,0.1,0.1,0.5610951956910388,2.5623037025806417,0.1561095195691039,HOLD,Navigation state acceptable
92.03494928607661,78.55711422845691,-10.650126472154795,0.030997759263793015,0.2,0.1,0.1,0.5479865555827581,2.584001770282916,0.15479865555827582,HOLD,Navigation state acceptable
92.28635339316706,78.75751503006012,-10.498325471569373,0.028889926401728508,0.2,0.1,0.1,0.5353395584103711,2.6052868748730993,0.15353395584103713,HOLD,Navigation state acceptable
92.53915907034784,78.95791583166333,-10.344214378095801,0.02685512437323241,0.2,0.1,0.1,0.5231307462393945,2.626169821517942,0.15231307462393945,HOLD,Navigation state acceptable
92.79330112405843,79.15831663326654,-10.187920737210998,0.024889401453468633,0.2,0.1,0.1,0.5113364087208119,2.6466642217569425,0.1511336408720812,HOLD,Navigation state acceptable
93.04871156655805,79.35871743486975,-10.029572977976308,0.022988797944168242,0.2,0.1,0.1,0.4999327876650095,2.666786160616517,0.14999327876650095,HOLD,Navigation state acceptable
93.30531985910156,79.55911823647295,-9.869300289975886,0.021149374109886196,0.2,0.1,0.1,0.48889624465931725,2.6865538914132077,0.14888962446593174,HOLD,Navigation state acceptable
93.56305315133788,79.75951903807615,-9.707232499703515,0.019367232771457996,0.2,0.1,0.15000000000000002,0.478203396628748,2.7059875583580486,0.1478203396628748,INCREASE,Low curvature with reduced advancement velocity
93.82183651682962,79.95991983967936,-9.543499946519912,0.017638537304517858,0.2,0.15000000000000002,0.2,0.4591504924793661,2.741321077309347,0.1459150492479366,INCREASE,Low curvature with reduced advancement velocity
94.0815931846252,80.16032064128257,-9.378233358302392,0.015959525720572,0.2,0.2,0.25,0.439716680044004,2.7783244130211386,0.1439716680044004,INCREASE,Low curvature with reduced advancement velocity
94.34224476684139,80.36072144288578,-9.211563726909663,0.01432652144147593,0.2,0.25,0.3,0.4199489108110695,2.8170027594268974,0.14199489108110694,INCREASE,Low curvature with reduced advancement velocity
94.60371148223324,80.56112224448898,-9.043622183584036,0.01273594131073993,0.2,0.3,0.35,0.3998875304859194,2.857372405204258,0.13998875304859193,INCREASE,Low curvature with reduced advancement velocity
94.86591237574333,80.7615230460922,-8.874539874413959,0.011184301324328802,0.2,0.35,0.39999999999999997,0.37956656125679483,2.899461405005331,0.1379566561256795,INCREASE,Low curvature with reduced advancement velocity
95.12876553403156,80.96192384769539,-8.70444783597921,0.009668220507709805,0.2,0.39999999999999997,0.44999999999999996,0.35901398456938827,2.943310404026066,0.13590139845693883,INCREASE,Low curvature with reduced advancement velocity
95.39218829699281,81.1623246492986,-8.533476871301186,0.00818442331396215,0.2,0.44999999999999996,0.49999999999999994,0.33825202148264044,2.988973628127553,0.13382520214826404,INCREASE,Low curvature with reduced advancement velocity
95.65609746527252,81.3627254509018,-8.361757426220326,0.006729740872147787,0.2,0.49999999999999994,0.5499999999999999,0.3172974087214779,3.036520055013437,0.1317297408721478,INCREASE,Low curvature with reduced advancement velocity
95.9204095037897,81.56312625250501,-8.189419466322057,0.005301111373933961,0.2,0.5499999999999999,0.6,0.2961616694263066,3.0860347859001553,0.12961616694263065,INCREASE,Low curvature with reduced advancement velocity
96.18504074127459,81.76352705410822,-8.016592354532337,0.0038955798510879446,0.2,0.6,0.65,0.27485137836196744,3.137620641819068,0.12748513783619675,INCREASE,Low curvature with reduced advancement velocity
96.44990756582322,81.96392785571143,-7.843404729503094,0.0025102975655537495,0.2,0.65,0.7000000000000001,0.25336842200386817,3.1914000143747483,0.12533684220038682,INCREASE,Low curvature with reduced advancement velocity
96.71492661646495,82.16432865731463,-7.669984384906964,0.0011425212054847447,0.2,0.7000000000000001,0.7500000000000001,0.23171025446581694,3.247517007751769,0.1231710254465817,INCREASE,Low-curvature region permits greater support
96.98001497073118,82.36472945891784,-7.496458149759747,0.0002103879415538194,0.2,0.7500000000000001,0.7500000000000001,0.21512984926942275,3.2918292661520376,0.12151298492694228,HOLD,Navigation state acceptable
97.24509032820384,82.56513026052104,-7.3229517698884266,0.001550964686316085,0.2,0.7500000000000001,0.7500000000000001,0.23188705857895106,3.247050914402996,0.1231887058578951,HOLD,Navigation state acceptable
97.51007119001277,82.76553106212425,-7.149589790660588,0.0028816403731639958,0.2,0.7500000000000001,0.7500000000000001,0.24852050466454995,3.203791996251365,0.124852050466455,HOLD,Navigation state acceptable
97.77487703423878,82.96593186372746,-6.9764954410906395,0.004204742933056126,0.2,0.7500000000000001,0.8000000000000002,0.2650592866632016,3.1619071470955697,0.12650592866632016,INCREASE,Low curvature with reduced advancement velocity
98.03942848716778,83.16633266533066,-6.803790519436265,0.005522496446122009,0.2,0.8000000000000002,0.8500000000000002,0.27979245379958617,3.125506786764032,0.1279792453799586,INCREASE,Low curvature with reduced advancement velocity
98.30364749032778,83.36673346693387,-6.63159528039739,0.006837020116966768,0.2,0.8500000000000002,0.9,0.2967997715790514,3.084516274343101,0.12967997715790514,INCREASE,Low curvature with reduced advancement velocity
98.56745746322689,83.56713426853707,-6.460028324028094,0.008150326575597631,0.2,0.9,0.9,0.31610457205836684,3.0392721710130246,0.1316104572058367,INCREASE,Low curvature with reduced advancement velocity
98.83078346169617,83.76753507014028,-6.289206486470254,0.009464319424478826,0.2,0.9,0.9,0.3345004719427036,2.9973762348521213,0.13345004719427037,INCREASE,Low curvature with reduced advancement velocity
99.09355233172545,83.96793587174349,-6.119244732615886,0.01078078996041812,0.2,0.9,0.9,0.3529310594458537,2.956543847576652,0.13529310594458538,INCREASE,Low curvature with reduced advancement velocity
99.35569285866467,84.1683366733467,-5.950256050803274,0.012101413007650795,0.2,0.9,0.9,0.37141978210711113,2.916685359353808,0.1371419782107111,INCREASE,Low curvature with reduced advancement velocity
99.61713591164686,84.3687374749499,-5.782351349649791,0.013427741806802666,0.2,0.9,0.9,0.3899883852952374,2.87772188769073,0.13899883852952374,INCREASE,Low curvature with reduced advancement velocity
99.87781458307153,84.5691382765531,-5.615639357122182,0.014761201913868736,0.2,0.9,0.9,0.40865682679416226,2.8395844352689132,0.1408656826794162,INCREASE,Low curvature with reduced advancement velocity
100.13766432296981,84.76953907815631,-5.450226521943057,0.01610308407126249,0.2,0.9,0.9,0.42744317699767487,2.802213120954597,0.1427443176997675,INCREASE,Low curvature with reduced advancement velocity
100.39662306805447,84.96993987975952,-5.28621691742975,0.017454536025377818,0.2,0.9,0.9,0.44636350435528943,2.765556506338276,0.14463635043552894,INCREASE,Low curvature with reduced advancement velocity
100.65463136523961,85.17034068136273,-5.1237121478592265,0.018816553279440238,0.2,0.9,0.9,0.4654317459121633,2.7295710026468587,0.14654317459121632,INCREASE,Low curvature with reduced advancement velocity
100.91163248939576,85.37074148296594,-4.962811257450529,0.0201899687832647,0.2,0.9,0.9,0.4846595629657058,2.694220345039731,0.14846595629657058,HOLD,Navigation state acceptable
101.16757255508705,85.57114228456913,-4.803610642053297,0.021575441580240766,0.2,0.9,0.9,0.5040561821233707,2.6594751230322715,0.15040561821233708,HOLD,Navigation state acceptable
101.42240062201846,85.77154308617234,-4.6462039636282935,0.022973444453867512,0.2,0.9,0.9,0.5236282223541451,2.6253123572492205,0.15236282223541453,HOLD,Navigation state acceptable
101.67606879390145,85.97194388777555,-4.490682067603155,0.024384250638816232,0.2,0.9,0.9,0.5433795089434272,2.5917151140216546,0.15433795089434274,HOLD,Navigation state acceptable
101.92853231042842,86.17234468937876,-4.337132903183569,0.025807919688860672,0.2,0.9,0.9,0.5633108756440494,2.5586721504461414,0.15633108756440495,HOLD,Navigation state acceptable
102.1797496320278,86.37274549098197,-4.185641446697228,0.027244282625037707,0.2,0.9,0.9,0.5834199567505278,2.5261775834938596,0.1583419956750528,HOLD,Navigation state acceptable
102.42968251705487,86.57314629258518,-4.036289628044932,0.02869292652177922,0.2,0.9,0.9,0.6037009713049091,2.494230577627733,0.1603700971304909,HOLD,Navigation state acceptable
102.67829609105755,86.77354709418837,-3.889156260329856,0.03015317872670589,0.2,0.9,0.9,0.6241445021738824,2.4628350461711297,0.16241445021738823,HOLD,Navigation state acceptable
102.92555890774202,86.97394789579158,-3.744316972733136,0.03162409094971034,0.2,0.9,0.9,0.6447372732959447,2.431999362417479,0.16447372732959448,HOLD,Navigation state acceptable
103.17144300125139,87.17434869739479,-3.601844146700535,0.03310442350034681,0.2,0.9,0.9,0.6654619290048553,2.4017360771435197,0.16654619290048556,HOLD,Navigation state acceptable
103.41592392936144,87.374749498998,-3.461806855501576,0.0345926299979756,0.2,0.9,0.9,0.6862968199716584,2.3720616398169025,0.16862968199716585,HOLD,Navigation state acceptable
103.65898080719114,87.57515030060121,-3.324270807219256,0.036086842923766585,0.2,0.9,0.9,0.7072158009327321,2.342996121412778,0.1707215800932732,HOLD,Navigation state acceptable
103.90059633102393,87.77555110220442,-3.1892982912251333,0.037584860428014774,0.2,0.9,0.9,0.7281880459922068,2.314562937335604,0.1728188045992207,HOLD,Navigation state acceptable
104.14075679183797,87.97595190380761,-3.056948128190827,0.03908413484895729,0.2,0.9,0.9,0.7491778878854021,2.2867885694779955,0.17491778878854022,HOLD,Navigation state acceptable
104.37945207815164,88.17635270541082,-2.9272756236836757,0.0405817634364528,0.2,0.9,0.9,0.7701446881103391,2.2597022869752363,0.17701446881103391,HOLD,Navigation state acceptable
104.61667566780375,88.37675350701403,-2.800332525390691,0.04207448180368924,0.2,0.9,0.9,0.7910427452516493,2.2333358657154676,0.17910427452516495,HOLD,Navigation state acceptable
104.85242460830882,88.57715430861724,-2.67616698401121,0.04355866065184642,0.2,0.9,0.9,0.8118212491258499,2.2077233071032154,0.181182124912585,HOLD,Navigation state acceptable
105.0866994854553,88.77755511022045,-2.554823517855062,0.0450303063210956,0.2,0.9,0.9,0.8324242884953383,2.1829005569908304,0.18324242884953384,HOLD,Navigation state acceptable
105.31950437985002,88.97795591182366,-2.4363429811794997,0.046485065714555525,0.2,0.9,0.9,0.8527909200037773,2.158905226063956,0.18527909200037773,HOLD,Navigation state acceptable
105.55084681115717,89.17835671342685,-2.3207625362941147,0.04791823611847462,0.2,0.9,0.9,0.8728553056586448,2.1357763132658465,0.1872855305658645,HOLD,Navigation state acceptable
105.78073766983279,89.37875751503006,-2.208115629459505,0.04932478039664676,0.2,0.9,0.9,0.8925469255530547,2.1135539341150493,0.18925469255530547,HOLD,Navigation state acceptable
106.00919113621856,89.57915831663327,-2.098431970601554,0.0506993479699751,0.2,0.9,0.9,0.9117908715796512,2.0922790559696147,0.19117908715796514,HOLD,Navigation state acceptable
106.23622458693136,89.77955911823648,-1.9917375168593239,0.05203630190220742,0.2,0.9,0.9,0.9305082266309037,2.0719932424119967,0.19305082266309037,HOLD,Navigation state acceptable
106.46185848856602,89.97995991983969,-1.888054459980801,0.05332975229701792,0.2,0.9,0.9,0.9486165321582509,2.052738409013535,0.1948616532158251,HOLD,Navigation state acceptable
106.68611627882001,90.1803607214429,-1.7874012175770275,0.054573596072270365,0.2,0.9,0.9,0.9660303450117851,2.034556592754942,0.19660303450117853,HOLD,Navigation state acceptable
106.90902423524787,90.38076152304609,-1.6897924282410233,0.05576156301801397,0.2,0.9,0.9,0.9826618822521955,2.017489737310236,0.19826618822521958,HOLD,Navigation state acceptable
107.13061133196076,90.5811623246493,-1.595238950534283,0.05688726786451822,0.2,0.9,0.9,0.9984217501032551,2.0015794963166944,0.19984217501032553,HOLD,Navigation state acceptable
107.35090908469961,90.78156312625251,-1.5037478658397907,0.057944267893204636,0.2,0.9,0.9,1.0132197505048648,1.986867056612623,0.2013219750504865,HOLD,Navigation state acceptable
107.56995138482988,90.98196392785572,-1.4153224850764148,0.05892612542438569,0.2,0.9,0.9,1.0269657559413996,1.9733929832190225,0.20269657559414,HOLD,Navigation state acceptable
107.78777432292775,91.18236472945893,-1.3299623592659588,0.05982647431450323,0.2,0.9,0.9,1.0395706404030451,1.9611970876426958,0.20395706404030453,HOLD,Navigation state acceptable
108.00441600275114,91.38276553106213,-1.247663293940203,0.060639089403935253,0.2,0.9,0.85,1.0509472516550935,1.9503183208500563,0.20509472516550936,DECREASE,High curvature and elevated pushing force
108.21991634651177,91.58316633266533,-1.1684173673714073,0.06135795768486487,0.2,0.85,0.7999999999999999,1.0328324287456758,1.9676978502690117,0.2032832428745676,DECREASE,High curvature and elevated pushing force
108.43431689248345,91.78356713426854,-1.0922129526059394,0.061977349812721794,0.2,0.7999999999999999,0.7499999999999999,1.0137055475653833,1.986387734212727,0.2013705547565383,DECREASE,High curvature and elevated pushing force
108.64766058609491,91.98396793587175,-1.019034743277106,0.062491890474958976,0.2,0.7499999999999999,0.6999999999999998,0.9936486309369872,2.006371603264942,0.19936486309369872,DECREASE,High curvature and elevated pushing force
108.85999156576034,92.18436873747495,-0.9488637831691684,0.06289662606975908,0.2,0.6999999999999998,0.6499999999999998,0.9727595128371089,2.027616632423397,0.1972759512837109,DECREASE,High curvature and elevated pushing force
109.07135494479357,92.38476953907816,-0.881677499501031,0.06318708813429574,0.2,0.6499999999999998,0.5999999999999998,0.951151513544401,2.0500714435721727,0.19511515135444013,DECREASE,High curvature and elevated pushing force
109.28179659083182,92.58517034068136,-0.8174497398944003,0.06335935100376561,0.2,0.5999999999999998,0.5499999999999997,0.9289528610414215,2.073663945235262,0.19289528610414217,DECREASE,High curvature and elevated pushing force
109.4913629042583,92.78557114228457,-0.7561508129873435,0.06341008228587738,0.2,0.5499999999999997,0.4999999999999997,0.9063058640017126,2.0982991635997017,0.19063058640017128,DECREASE,High curvature and elevated pushing force
109.70010059715845,92.98597194388778,-0.6977475326507543,0.06333658488963073,0.2,0.4999999999999997,0.44999999999999973,0.8833658488963072,2.1238571371271737,0.18833658488963073,DECREASE,High curvature and elevated pushing force
109.90805647437155,93.18637274549098,-0.6422032657615593,0.06313682955301891,0.2,0.44999999999999973,0.39999999999999974,0.8602998807536795,2.150190967264614,0.18602998807536797,DECREASE,High curvature and elevated pushing force
110.11527721820423,93.3867735470942,-0.5894779834829333,0.06280947706713634,0.2,0.39999999999999974,0.34999999999999976,0.837285293604227,2.177125138879845,0.18372852936042272,DECREASE,High curvature and elevated pushing force
110.32180917835817,93.5871743486974,-0.5395283159983695,0.06235388967568976,0.2,0.34999999999999976,0.29999999999999977,0.8145080622433627,2.204454244780048,0.1814508062243363,DECREASE,High curvature and elevated pushing force
110.52769816858702,93.7875751503006,-0.49230761064301287,0.061770131434267427,0.2,0.29999999999999977,0.24999999999999978,0.7921610514741394,2.2319422669685887,0.17921610514741393,DECREASE,High curvature and elevated pushing force
110.73298927154161,93.9879759519038,-0.4477659933721485,0.061058957629187616,0.2,0.24999999999999978,0.1999999999999998,0.770442182218907,2.259322580637326,0.17704421822189073,DECREASE,High curvature and elevated pushing force
110.93772665318527,94.18837675350701,-0.40585043350363836,0.06022179365994894,0.2,0.1999999999999998,0.1499999999999998,0.7495525556196425,2.286298852327595,0.17495525556196426,DECREASE,High curvature and elevated pushing force
111.141953388068,94.38877755511022,-0.36650481166770454,0.059260704080989,0.2,0.1499999999999998,0.1499999999999998,0.7296945765264284,2.3125469977669684,0.17296945765264285,HOLD,Navigation state acceptable
111.34571129663753,94.58917835671343,-0.3296699908941414,0.05817835275645071,0.2,0.1499999999999998,0.1499999999999998,0.7226592929169295,2.321991363264244,0.17226592929169296,HOLD,Navigation state acceptable
111.54904079564184,94.78957915831664,-0.2952838907643791,0.05697795529659373,0.2,0.1499999999999998,0.1499999999999998,0.7148567094278593,2.3325564042808864,0.17148567094278594,HOLD,Navigation state acceptable
111.75198076254388,94.98997995991984,-0.26328156455209006,0.05566322511710503,0.2,0.1499999999999998,0.1499999999999998,0.7063109632611826,2.3442385861220805,0.17063109632611828,HOLD,Navigation state acceptable
111.95456841472642,95.19038076152304,-0.2335952792737408,0.05423831457702279,0.2,0.1499999999999998,0.1499999999999998,0.6970490447506481,2.357032645799421,0.1697049044750648,HOLD,Navigation state acceptable
112.15683920411742,95.39078156312625,-0.20615459856703655,0.05270775271197739,0.2,0.1499999999999998,0.1499999999999998,0.6871003926278529,2.3709318173825684,0.1687100392627853,HOLD,Navigation state acceptable
112.35882672771665,95.59118236472946,-0.18088646831286814,0.05107638108910745,0.2,0.1499999999999998,0.1499999999999998,0.6764964770791984,2.385928067662166,0.16764964770791985,HOLD,Navigation state acceptable
112.56056265435468,95.79158316633267,-0.15771530491315033,0.04934928926681877,0.2,0.1499999999999998,0.1499999999999998,0.6652703802343221,2.4020123383430114,0.16652703802343222,HOLD,Navigation state acceptable
112.76207666786851,95.99198396793588,-0.13656308613491053,0.04753175125643839,0.2,0.1499999999999998,0.1499999999999998,0.6534563831668495,2.419174790893992,0.16534563831668497,HOLD,Navigation state acceptable
112.96339642673698,96.19238476953907,-0.1173494444276737,0.04562916426358801,0.2,0.1499999999999998,0.1499999999999998,0.6410895677133222,2.4374050500933717,0.16410895677133222,HOLD,Navigation state acceptable
113.16454754008454,96.39278557114228,-0.09999176261947396,0.04364699083146283,0.2,0.1499999999999998,0.1499999999999998,0.6282054404045084,2.45669244232856,0.16282054404045085,HOLD,Navigation state acceptable
113.36555355983604,96.59318637274549,-0.08440527189403069,0.04159070533806161,0.2,0.1499999999999998,0.1499999999999998,0.6148395846974004,2.4770262247129313,0.16148395846974006,HOLD,Navigation state acceptable
113.56643598868975,96.7935871743487,-0.07050315194937928,0.03946574562492558,0.2,0.1499999999999998,0.1499999999999998,0.6010273465620163,2.498395801039529,0.16010273465620162,HOLD,Navigation state acceptable
113.76721430347013,96.99398797595191,-0.05819663323609614,0.03727747034091017,0.2,0.1499999999999998,0.1499999999999998,0.586803557215916,2.52079092072247,0.15868035572159161,HOLD,Navigation state acceptable
113.96790599332834,97.19438877755512,-0.047395101171675336,0.03503112240604745,0.2,0.1499999999999998,0.1499999999999998,0.5722022956393085,2.5442018569076508,0.15722022956393086,HOLD,Navigation state acceptable
114.16852661217557,97.39478957915831,-0.03800620222451867,0.03273179883725612,0.2,0.1499999999999998,0.1499999999999998,0.5572566924421648,2.5686195599050583,0.1557256692442165,HOLD,Navigation state acceptable
114.36908984466288,97.59519038076152,-0.029935951760486468,0.030384427011834525,0.2,0.1499999999999998,0.1499999999999998,0.5419987755769244,2.594035782229099,0.15419987755769246,HOLD,Navigation state acceptable
114.56960758496075,97.79559118236473,-0.023088843542163007,0.02799374730782762,0.2,0.1499999999999998,0.1499999999999998,0.5264593575008796,2.620443171542283,0.15264593575008797,HOLD,Navigation state acceptable
114.7700900275409,97.99599198396794,-0.01736796076999947,0.02556430194502367,0.2,0.1499999999999998,0.1499999999999998,0.5106679626426539,2.647835327759707,0.1510667962642654,HOLD,Navigation state acceptable
114.97054576912208,98.19639278557115,-0.012675088552398073,0.023100429747659464,0.2,0.1499999999999998,0.1499999999999998,0.49465279335978657,2.6762068205877543,0.14946527933597867,HOLD,Navigation state acceptable
115.17098192090873,98.39679358717436,-0.008910827691063439,0.020606266465811977,0.2,0.1499999999999998,0.1499999999999998,0.4784407320277779,2.705553163780694,0.1478440732027778,HOLD,Navigation state acceptable
115.37140423022647,98.59719438877755,-0.0059747096660478505,0.01808575023741889,0.2,0.1499999999999998,0.1999999999999998,0.4620573765432228,2.735870742266829,0.1462057376543223,INCREASE,Low curvature with reduced advancement velocity
115.57181721063978,98.79759519038076,-0.00376531270383218,0.015542631725807374,0.2,0.1999999999999998,0.24999999999999978,0.43679842208065167,2.7839674226587285,0.14367984220806518,INCREASE,Low curvature with reduced advancement velocity
115.77222427962352,98.99799599198397,-0.0021803788111901534,0.012980488431124319,0.2,0.24999999999999978,0.29999999999999977,0.4098536632334324,2.8371738885482554,0.14098536632334324,INCREASE,Low curvature with reduced advancement velocity
115.9726279028519,99.19839679358718,-0.0011169316558446996,0.010402742662764359,0.2,0.29999999999999977,0.34999999999999976,0.38122194130211495,2.895986430847669,0.1381221941302115,INCREASE,Low curvature with reduced advancement velocity
116.17302974416219,99.39879759519039,-0.00047139517476690873,0.007812682645989858,0.2,0.34999999999999976,0.39999999999999974,0.35090780249091386,2.9609718684165376,0.13509078024909138,INCREASE,Low curvature with reduced advancement velocity
116.37343082024816,99.5991983967936,-0.00013971278983881952,0.005213486230965637,0.2,0.39999999999999974,0.44999999999999973,0.3189213760786908,3.0327812351426684,0.13189213760786908,INCREASE,Low curvature with reduced advancement velocity
116.57383165913664,99.79959919839679,-1.7467110224628213e-05,0.0026082466788432297,0.2,0.44999999999999973,0.4999999999999997,0.2852783434490107,3.1121663415459917,0.1285278343449011,INCREASE,Low curvature with reduced advancement velocity
116.77423246150107,100.0,7.105427357601002e-15,0.001304498412874602,0.2,0.4999999999999997,0.5499999999999997,0.2630449841287461,3.1669497525927133,0.1263044984128746,INCREASE,Low curvature with reduced advancement velocity
